slang,example,tokens,tags
W,"Got the job today, big W!","Got the job today , big W !",O O O O O O B-SLANG O
L,"I forgot my wallet at home, that’s an L.","I forgot my wallet at home , that ’ s an L .",O O O O O O O O O O O B-SLANG O
L+ratio,Your tweet got 5 likes and 100 replies calling you out. L + ratio.,Your tweet got 5 likes and 100 replies calling you out . L + ratio .,O O O O O O O O O O O O B-SLANG I-SLANG I-SLANG O
Dank,That meme is so dank!,That meme is so dank !,O O O O B-SLANG O
Cheugy,"That phrase is so cheugy, no one says that anymore.","That phrase is so cheugy , no one says that anymore .",O O O O B-SLANG O O O O O O O
TFW,TFW you finish a big project and can finally relax,TFW you finish a big project and can finally relax,B-SLANG O O O O O O O O O
Woke,He’s really woke about climate change.,He ’ s really woke about climate change .,O O O O B-SLANG O O O O
Bop,This new track is a total bop!,This new track is a total bop !,O O O O O O B-SLANG O
G.O.A.T,Michael Jordan is the GOAT of basketball.,Michael Jordan is the GOAT of basketball .,O O O O B-SLANG O O O
Smol,"Look at that smol puppy, it’s adorable!","Look at that smol puppy , it ’ s adorable !",O O O B-SLANG O O O O O O O
Fam,"What’s good, fam? Long time no see!","What ’ s good , fam ? Long time no see !",O O O O O B-SLANG O O O O O O
Glow up,She really had a glow up since high school.,She really had a glow up since high school .,O O O O B-SLANG I-SLANG O O O O
Stan,I stan BTS so hard!,I stan BTS so hard !,O B-SLANG O O O O
Ghosting,"We were talking for weeks, and then she just ghosted me.","We were talking for weeks , and then she just ghosted me .",O O O O O O O O O O B-SLANG O O
Salty,He’s just salty because he lost the game,He ’ s just salty because he lost the game,O O O O B-SLANG O O O O O
Sip tea,I’m just here to sip tea and watch the drama unfold.,I ’ m just here to sip tea and watch the drama unfold .,O O O O O O B-SLANG I-SLANG O O O O O O
Drip,His drip today is on point.,His drip today is on point .,O B-SLANG O O O O O
Iykyk,That hidden message in the movie was iconic. IYKYK.,That hidden message in the movie was iconic . IYKYK .,O O O O O O O O O B-SLANG O
Rent free,That song is living rent-free in my head,That song is living rent - free in my head,O O O O B-SLANG O I-SLANG O O O
Catch these hands,"If you keep talking like that, you’re gonna catch these hands.","If you keep talking like that , you ’ re gonna catch these hands .",O O O O O O O O O O O B-SLANG I-SLANG I-SLANG O
Drag,She dragged him for his terrible performance.,She dragged him for his terrible performance .,O B-SLANG O O O O O O
Bussin’,This pizza is bussin’!,This pizza is bussin ’ !,O O O B-SLANG O O
Snatched,Her makeup was snatched at the event.,Her makeup was snatched at the event .,O O O B-SLANG O O O O
Cancel culture,People are saying he’s canceled after those comments.,People are saying he ’ s canceled after those comments .,O O O O O O B-SLANG O O O O
Ffs,"FFS, why is this meeting taking so long?","FFS , why is this meeting taking so long ?",B-SLANG O O O O O O O O O
e-boy,He’s such an e-boy with those black nails and chains.,He ’ s such an e - boy with those black nails and chains .,O O O O O B-SLANG O I-SLANG O O O O O O O
e-girl,She’s such an e-girl with her neon eyeliner and platform boots.,She ’ s such an e - girl with her neon eyeliner and platform boots .,O O O O O B-SLANG O I-SLANG O O O O O O O O
Big yikes,She wore the same dress as the bride at the wedding? Big yikes.,She wore the same dress as the bride at the wedding ? Big yikes .,O O O O O O O O O O O O B-SLANG I-SLANG O
Finna,I’m finna head out.,I ’ m finna head out .,O O O B-SLANG O O O
cap,"He said he’s a millionaire, but that’s cap.","He said he ’ s a millionaire , but that ’ s cap .",O O O O O O O O O O O O B-SLANG O
High-key,I high-key love this song.,I high - key love this song .,O B-SLANG O I-SLANG O O O O
Simp,"He buys her gifts every day, he’s such a simp.","He buys her gifts every day , he ’ s such a simp .",O O O O O O O O O O O O B-SLANG O
Camp,"That outfit is so camp, it’s amazing.","That outfit is so camp , it ’ s amazing .",O O O O B-SLANG O O O O O O
Snack,He showed up to the party looking like a whole snack.,He showed up to the party looking like a whole snack .,O O O O O O O O O O B-SLANG O
Take several seats,"You’re being way too extra right now, take several seats.","You ’ re being way too extra right now , take several seats .",O O O O O O O O O O B-SLANG I-SLANG I-SLANG O
Sheesh,"Sheesh, that’s a lot of money!","Sheesh , that ’ s a lot of money !",B-SLANG O O O O O O O O O
Hits different,This song hits different at night.,This song hits different at night .,O O B-SLANG I-SLANG O O O
Bet,You want to meet at 6? Bet.,You want to meet at 6 ? Bet .,O O O O O O O B-SLANG O
Periodt,"That’s the best movie of all time, periodt.","That ’ s the best movie of all time , periodt .",O O O O O O O O O O B-SLANG O
Finesse,He finessed his way into the VIP section.,He finessed his way into the VIP section .,O O O O O O B-SLANG O O
I’m weak,That joke had me weak!,That joke had me weak !,O O O O B-SLANG O
Main character,She’s living her life like she’s the main character in a movie.,She ’ s living her life like she ’ s the main character in a movie .,O O O O O O O O O O O B-SLANG I-SLANG O O O O
Sis,"Sis, you are killing it in that outfit!","Sis , you are killing it in that outfit !",B-SLANG O O O O O O O O O
Sending me,That meme is sending me!,That meme is sending me !,O O O B-SLANG I-SLANG O
Gaup,I’m trying to stack up this gaup before the weekend.,I ’ m trying to stack up this gaup before the weekend .,O O O O O O O O B-SLANG O O O O
"This ain’t it, chief","That outfit? This ain’t it, chief.","That outfit ? This ain ’ t it , chief .",O O O B-SLANG I-SLANG O I-SLANG I-SLANG I-SLANG I-SLANG O
Extra,"She brought a whole suitcase for a weekend trip, she’s so extra.","She brought a whole suitcase for a weekend trip , she ’ s so extra .",O O O O O O O O O O O O O O B-SLANG O
Clapback,Her clapback to that troll was savage.,Her clapback to that troll was savage .,O B-SLANG O O O O O O
@ me,"I’m about to pull up, C me at the club!","I ’ m about to pull up , C me at the club !",O O O O O O O O O B-SLANG O O O O
Asl,It’s cold asl outside!,It ’ s cold asl outside !,O O O O B-SLANG O O
Bang 30s,He was out there bangin’ 30s all night.,He was out there bangin ’ 30s all night .,O O O O B-SLANG O I-SLANG O O O
Based,"He doesn’t care what anyone thinks, he’s so based.","He doesn ’ t care what anyone thinks , he ’ s so based .",O O O O O O O O O O O O O B-SLANG O
Beat your face,I’m about to beat my face for this event tonight.,I ’ m about to beat my face for this event tonight .,O O O O O B-SLANG I-SLANG I-SLANG O O O O O
Big mad,He’s big mad because we beat his team last night.,He ’ s big mad because we beat his team last night .,O O O B-SLANG I-SLANG O O O O O O O O
Body count,What’s your body count?,What ’ s your body count ?,O O O O B-SLANG I-SLANG O
Boujee,We’re going to a boujee restaurant tonight.,We ’ re going to a boujee restaurant tonight .,O O O O O O B-SLANG O O O
Bussy,He was joking about his bussy all night.,He was joking about his bussy all night .,O O O O O B-SLANG O O O
Cringe,That performance was so cringe.,That performance was so cringe .,O O O O B-SLANG O
Ded,That joke had me ded.,That joke had me ded .,O O O O B-SLANG O
Facts,Pizza is the best food ever. Facts.,Pizza is the best food ever . Facts .,O O O O O O O B-SLANG O
Glow-up,She had a major glow-up over the summer.,She had a major glow - up over the summer .,O O O O B-SLANG O I-SLANG O O O O
I oop,She spilled her drink on her dress and I oop!,She spilled her drink on her dress and I oop !,O O O O O O O O B-SLANG I-SLANG O
t's giving…,It’s giving 90s nostalgia with that outfit.,It ’ s giving 90s nostalgia with that outfit .,B-SLANG O I-SLANG I-SLANG O O O O O O
Lit,That party was lit!,That party was lit !,O O O B-SLANG O
Mid,"That movie was mid, nothing special.","That movie was mid , nothing special .",O O O B-SLANG O O O O
Not you,Not you eating the last slice of pizza!,Not you eating the last slice of pizza !,B-SLANG I-SLANG O O O O O O O
NPC,"She’s acting like such an NPC, just going with the flow.","She ’ s acting like such an NPC , just going with the flow .",O O O O O O O B-SLANG O O O O O O O
OK boomer,You don’t understand memes? OK boomer.,You don ’ t understand memes ? OK boomer .,O O O O O O O B-SLANG I-SLANG O
On god,"I’m telling you, that was the best movie I’ve ever seen, on god!","I ’ m telling you , that was the best movie I ’ ve ever seen , on god !",O O O O O O O O O O O O O O O O O B-SLANG I-SLANG O
Ratio,"That tweet got ratio’d so bad, more people replied than liked it.","That tweet got ratio ’ d so bad , more people replied than liked it .",O O O B-SLANG O O O O O O O O O O O O
Rizz,"He’s got so much rizz, everyone likes him.","He ’ s got so much rizz , everyone likes him .",O O O O O O B-SLANG O O O O O
Sksksk,I spilled my drink sksksk.,I spilled my drink sksksk .,O O O O B-SLANG O
Slaps,This new track slaps!,This new track slaps !,O O O B-SLANG O
Sus,Why’s he acting so sus all of a sudden?,Why ’ s he acting so sus all of a sudden ?,O O O O O O B-SLANG O O O O O
Slay,She’s slaying in that outfit tonight!,She ’ s slaying in that outfit tonight !,O O O B-SLANG O O O O O
Tea,"Spill the tea, I need to know what happened!","Spill the tea , I need to know what happened !",O O B-SLANG O O O O O O O O
Understood the assignment,"That outfit is fire, she really understood the assignment.","That outfit is fire , she really understood the assignment .",O O O O O O O B-SLANG I-SLANG I-SLANG O
Valid,Those sneakers are valid!,Those sneakers are valid !,O O O B-SLANG O
Vibe Check,Vibe check: Are you good?,Vibe check : Are you good ?,B-SLANG I-SLANG O O O O O
Vibing,We were just vibing to some music all night.,We were just vibing to some music all night .,O O O B-SLANG O O O O O O
Wig,"That performance was amazing, wig!","That performance was amazing , wig !",O O O O O B-SLANG O
Word,Let’s meet at 7. Word,Let ’ s meet at 7 . Word,O O O O O O O B-SLANG
Af,I’m tired af after that workout.,I ’ m tired af after that workout .,O O O O B-SLANG O O O O
Big brain,"He solved that puzzle in seconds, big brain moves.","He solved that puzzle in seconds , big brain moves .",O O O O O O O B-SLANG I-SLANG O O
Chad,"He’s such a Chad, always winning at everything.","He ’ s such a Chad , always winning at everything .",O O O O O B-SLANG O O O O O O
Clapped,"That car is clapped, it’s falling apart.","That car is clapped , it ’ s falling apart .",O O O B-SLANG O O O O O O O
Clown,I waited all day for him to text me back. I’m such a clown.,I waited all day for him to text me back . I ’ m such a clown .,O O O O O O O O O O O O O O O O B-SLANG O
Cringy,"That old tweet was so cringy, I can’t believe I posted that.","That old tweet was so cringy , I can ’ t believe I posted that .",O O O O O B-SLANG O O O O O O O O O O
fomo,I have major FOMO after seeing everyone’s vacation pics.,I have major FOMO after seeing everyone ’ s vacation pics .,O O O B-SLANG O O O O O O O O
Fr,You’re moving to LA? Fr?,You ’ re moving to LA ? Fr ?,O O O O O O O B-SLANG O
I can’t even,Ion even care what they think.,Ion even care what they think .,B-SLANG I-SLANG O O O O O
Ion,"This meme is too much, I can’t even!","This meme is too much , I can ’ t even !",O O O O O O O B-SLANG O I-SLANG I-SLANG O
IRL,Let’s meet IRL next week.,Let ’ s meet IRL next week .,O O O O B-SLANG O O O
Karen,"That woman asked to speak to the manager, total Karen move.","That woman asked to speak to the manager , total Karen move .",O O O O O O O O O O B-SLANG O O
Low key,I’m low key excited about the new movie.,I ’ m low key excited about the new movie .,O O O B-SLANG I-SLANG O O O O O O
Mom,Beyoncé is such a mom.,Beyoncé is such a mom .,O O O O B-SLANG O
Dad,Keanu Reeves is my dad.,Keanu Reeves is my dad .,O O O O B-SLANG O
NGL,"NGL, that was a tough workout.","NGL , that was a tough workout .",B-SLANG O O O O O O O
Pick me girl,"She’s such a pick me girl, always saying she’s not like other girls.","She ’ s such a pick me girl , always saying she ’ s not like other girls .",O O O O O B-SLANG I-SLANG I-SLANG O O O O O O O O O O O
Boomer,"My boss is such a boomer, doesn’t even know how to use Zoom.","My boss is such a boomer , doesn ’ t even know how to use Zoom .",O O O O O B-SLANG O O O O O O O O O O O
Sleeping on,"You’re sleeping on this new album, it’s so good.","You ’ re sleeping on this new album , it ’ s so good .",O O O B-SLANG I-SLANG O O O O O O O O O O
Shade,She was throwing shade at my outfit.,She was throwing shade at my outfit .,O O O B-SLANG O O O O
Shook,I was shook when I found out the news.,I was shook when I found out the news .,O O B-SLANG O O O O O O O
Smh,You forgot your homework again? Smh.,You forgot your homework again ? Smh .,O O O O O O B-SLANG O
TBH,"TBH, I didn’t enjoy the party last night.","TBH , I didn ’ t enjoy the party last night .",B-SLANG O O O O O O O O O O O
Thirsty,"He’s been texting me nonstop, he’s so thirsty.","He ’ s been texting me nonstop , he ’ s so thirsty .",O O O O O O O O O O O O B-SLANG O
Thirst trap,She posted a total thirst trap on Instagram.,She posted a total thirst trap on Instagram .,O O O O B-SLANG I-SLANG O O O
Yas,Yas queen! You’re slaying that outfit!,Yas queen ! You ’ re slaying that outfit !,B-SLANG O O O O O O O O O
Yeet,He yeeted the ball across the yard.,He yeeted the ball across the yard .,O B-SLANG O O O O O O
ick,"He talks with his mouth full, that gave me the ick.","He talks with his mouth full , that gave me the ick .",O O O O O O O O O O O B-SLANG O
naur,"Naur, why did you do that?","Naur , why did you do that ?",B-SLANG O O O O O O O
Say less,"Want to grab dinner? Say less, I’m there.","Want to grab dinner ? Say less , I ’ m there .",O O O O O B-SLANG I-SLANG O O O O O O
Unserious,You’re being so unserious about this important issue.,You ’ re being so unserious about this important issue .,O O O O O B-SLANG O O O O O
Gagged,I was gagged when I saw her outfit!,I was gagged when I saw her outfit !,O O B-SLANG O O O O O O
Ate,"She ate that performance, no crumbs left.","She ate that performance , no crumbs left .",O B-SLANG O O O O O O O
Poggers,You won the game? Poggers!,You won the game ? Poggers !,O O O O O B-SLANG O
Heather,"She’s such a Heather, everyone loves her.","She ’ s such a Heather , everyone loves her .",O O O O O B-SLANG O O O O O
Wth,You like pizza? I’m with it.,You like pizza ? I ’ m with it .,O O O O O O O B-SLANG I-SLANG O
Flex,He’s flexing his new car all over social media.,He ’ s flexing his new car all over social media .,O O O B-SLANG O O O O O O O O
Gucci,"Everything is Gucci, don’t worry.","Everything is Gucci , don ’ t worry .",O O B-SLANG O O O O O O
Hot girl summer,I’m ready for hot girl summer this year!,I ’ m ready for hot girl summer this year !,O O O O O B-SLANG I-SLANG I-SLANG O O O
Sturdy,He’s so sturdy on the dance floor!,He ’ s so sturdy on the dance floor !,O O O O B-SLANG O O O O O
Skill issue,You can’t beat the level? Sounds like a skill issue.,You can ’ t beat the level ? Sounds like a skill issue .,O O O O O O O O O O O B-SLANG I-SLANG O
TNTL,That meme is TNTL-worthy!,That meme is TNTL - worthy !,O O O B-SLANG O O O
G2G,"Sorry, G2G! Talk later!","Sorry , G2G ! Talk later !",O O B-SLANG O O O O
YNK,"I might move abroad one day, YNK.","I might move abroad one day , YNK .",O O O O O O O B-SLANG O
CSL,"That joke was hilarious, CSL!","That joke was hilarious , CSL !",O O O O O B-SLANG O
GMTA,You bought the same shoes as me? GMTA!,You bought the same shoes as me ? GMTA !,O O O O O O O O B-SLANG O
IMO,"IMO, that movie wasn’t that great.","IMO , that movie wasn ’ t that great .",B-SLANG O O O O O O O O O
IMOH,"IMOH, this is the best pizza place in town.","IMOH , this is the best pizza place in town .",B-SLANG O O O O O O O O O O
JK,"You’re fired! JK, I could never fire you.","You ’ re fired ! JK , I could never fire you .",O O O O O B-SLANG O O O O O O O
Bae,I’m spending the weekend with my bae.,I ’ m spending the weekend with my bae .,O O O O O O O O B-SLANG O
SSDD,How’s it going? SSDD.,How ’ s it going ? SSDD .,O O O O O O B-SLANG O
WYWH,"The beach is amazing, WYWH!","The beach is amazing , WYWH !",O O O O O B-SLANG O
Benching,I think he’s benching me—he texts but never makes plans.,I think he ’ s benching me — he texts but never makes plans .,O O O O O B-SLANG O O O O O O O O O
Breadcumbing,"She’s breadcrumbing him, always texting but never wanting to meet.","She ’ s breadcrumbing him , always texting but never wanting to meet .",O O O B-SLANG O O O O O O O O O O
Cuffing,"Everyone’s cuffing this fall, it’s relationship season.","Everyone ’ s cuffing this fall , it ’ s relationship season .",O O O B-SLANG O O O O O O O O O
DTR,"We need to DTR soon, I need to know where we stand.","We need to DTR soon , I need to know where we stand .",O O O B-SLANG O O O O O O O O O O
Gaslighting,"He keeps telling me I’m overreacting, but I think he’s gaslighting me.","He keeps telling me I ’ m overreacting , but I think he ’ s gaslighting me .",O O O O O O O O O O O O O O O B-SLANG O O
ILY,"Goodnight, ILY!","Goodnight , ILY !",O O B-SLANG O
Pink flags,"She’s always late—kind of a pink flag, but not a dealbreaker.","She ’ s always late — kind of a pink flag , but not a dealbreaker .",O O O O O O O O O B-SLANG I-SLANG O O O O O O
Smash,"They hooked up last night, definitely a smash.","They hooked up last night , definitely a smash .",O O O O O O O O B-SLANG O
Situationship,"We’ve been hanging out a lot, but it’s just a situationship.","We ’ ve been hanging out a lot , but it ’ s just a situationship .",O O O O O O O O O O O O O O O B-SLANG O
Zaddy,"Look at him in that suit, total zaddy vibes.","Look at him in that suit , total zaddy vibes .",O O O O O O O O B-SLANG O O
AFK,"I’ll be AFK for 10 minutes, need to take a break.","I ’ ll be AFK for 10 minutes , need to take a break .",O O O O B-SLANG O O O O O O O O O O
ASAP,I need that report ASAP!,I need that report ASAP !,O O O O B-SLANG O
ATK,"I’m ATK, ready for the meeting.","I ’ m ATK , ready for the meeting .",O O O B-SLANG O O O O O O
ATM,"I’m busy atm, can we talk later?","I ’ m busy atm , can we talk later ?",O O O O B-SLANG O O O O O O
A3,"Let’s meet up, I’m A3.","Let ’ s meet up , I ’ m A3 .",O O O O O O O O O B-SLANG O
BAK,"I’m BAK, what did I miss?","I ’ m BAK , what did I miss ?",O O O B-SLANG O O O O O O
BBL,"I’m stepping out, BBL.","I ’ m stepping out , BBL .",O O O O O O B-SLANG O
BBS,"Grabbing a snack, BBS.","Grabbing a snack , BBS .",O O O O B-SLANG O
BFN,"Got to run, BFN!","Got to run , BFN !",O O O O B-SLANG O
B4N,That troll got a BAN from the server.,That troll got a BAN from the server .,O O O O B-SLANG O O O O
BRB,"Need to grab my phone, BRB.”","Need to grab my phone , BRB . ”",O O O O O O B-SLANG O O
BRT,"Just parking, BRT!","Just parking , BRT !",O O O B-SLANG O
BTW,"BTW, I’ll be late to the party.","BTW , I ’ ll be late to the party .",B-SLANG O O O O O O O O O O
B4,I need to finish this B4 I go out.,I need to finish this B4 I go out .,O O O O O B-SLANG O O O O
CU,"It was fun hanging out, CU later!","It was fun hanging out , CU later !",O O O O O O B-SLANG O O
CUL8R,"Got to go, CUL8R!","Got to go , CUL8R !",O O O O B-SLANG O
CYA,CYA tomorrow!,CYA tomorrow !,B-SLANG O O
FAQ,Check the FAQ before you ask questions.,Check the FAQ before you ask questions .,O O B-SLANG O O O O O
FC,"I applied for the job, FC!","I applied for the job , FC !",O O O O O O B-SLANG O
FWIW,"FWIW, I think you should go for it.","FWIW , I think you should go for it .",B-SLANG O O O O O O O O O
FYI,"FYI, the meeting has been moved to 3 PM.","FYI , the meeting has been moved to 3 PM .",B-SLANG O O O O O O O O O O
GAL,You’re still talking about that? GAL!,You ’ re still talking about that ? GAL !,O O O O O O O O B-SLANG O
GG,"That was a tough match, GG!","That was a tough match , GG !",O O O O O O B-SLANG O
GN,"It’s late, GN!","It ’ s late , GN !",O O O O O B-SLANG O
GR8,That party was GR8!,That party was GR8 !,O O O B-SLANG O
G9,"I’m signing off, G9!","I ’ m signing off , G9 !",O O O O O O B-SLANG O
IC,"IC, that makes sense now.","IC , that makes sense now .",B-SLANG O O O O O O
ICQ,Keep this number ICO any emergencies,Keep this number ICO any emergencies,O O O B-SLANG O O
ILU,"You mean so much to me, ILU!","You mean so much to me , ILU !",O O O O O O O B-SLANG O
IMHO,"IMHO, the sequel was better than the original.","IMHO , the sequel was better than the original .",B-SLANG O O O O O O O O O
IOW,"IOW, we need to finish the project by Friday.","IOW , we need to finish the project by Friday .",B-SLANG O O O O O O O O O O
KISS,Let’s just KISS this idea and avoid overcomplicating it.,Let ’ s just KISS this idea and avoid overcomplicating it .,O O O O B-SLANG O O O O O O O
LDR,We’ve been in an LDR for two years now.,We ’ ve been in an LDR for two years now .,O O O O O O B-SLANG O O O O O
LMAO,That meme had me LMAO!,That meme had me LMAO !,O O O O B-SLANG O
LOL,"I just spilled coffee all over my desk, LOL.","I just spilled coffee all over my desk , LOL .",O O O O O O O O O B-SLANG O
LTNS,LTNS! How have you been?,LTNS ! How have you been ?,B-SLANG O O O O O O
L8R,"Gotta run, see you L8R!","Gotta run , see you L8R !",O O O O O B-SLANG O
MTE,That was so unnecessary! MTE.,That was so unnecessary ! MTE .,O O O O O B-SLANG O
M8,"How’s it going, M8?","How ’ s it going , M8 ?",O O O O O O B-SLANG O
NRN,"I texted him last night, but I got NR.","I texted him last night , but I got NR .",O O O O O O O O O B-SLANG O
OIC,"OIC, that makes sense now.","OIC , that makes sense now .",B-SLANG O O O O O O
PITA,Dealing with this paperwork is such a PITA.,Dealing with this paperwork is such a PITA .,O O O O O O O B-SLANG O
PRT,Are you going to the PRT tonight?,Are you going to the PRT tonight ?,O O O O O B-SLANG O O
PRW,"I can’t talk right now, PRW.","I can ’ t talk right now , PRW .",O O O O O O O O B-SLANG O
ROFL,That video had me ROFL!,That video had me ROFL !,O O O O B-SLANG O
ROFLOL,"I tripped and spilled my drink, ROFLOL!","I tripped and spilled my drink , ROFLOL !",O O O O O O O B-SLANG O
ROTFLMAO,"The prank was so funny, I was ROFLMAO.","The prank was so funny , I was ROFLMAO .",O O O O O O O O B-SLANG O
SK8,Let’s go Sk8 at the park this weekend.,Let ’ s go Sk8 at the park this weekend .,O O O O B-SLANG O O O O O O
STATS,I need those sales STATS by the end of the day.,I need those sales STATS by the end of the day .,O O O O B-SLANG O O O O O O O
THX,THX for helping me out!,THX for helping me out !,B-SLANG O O O O O
TTFN,"I’m heading out, TTFN!","I ’ m heading out , TTFN !",O O O O O O B-SLANG O
TTYL,"I’ve got to go, TTYL!","I ’ ve got to go , TTYL !",O O O O O O O B-SLANG O
U,How are U doing today?,How are U doing today ?,O O B-SLANG O O O
U2,Have a great day! U2!,Have a great day ! U2 !,O O O O O B-SLANG O
U4E,"I’ll always be there for you, U4E.","I ’ ll always be there for you , U4E .",O O O O O O O O O B-SLANG O
WB,WB! How was your trip?,WB ! How was your trip ?,B-SLANG O O O O O O
WTF,WTF happened here?,WTF happened here ?,B-SLANG O O O
WTG,You aced the exam? WTG!,You aced the exam ? WTG !,O O O O O B-SLANG O
WUF,WUF? You sound like you’re from the UK.,WUF ? You sound like you ’ re from the UK .,B-SLANG O O O O O O O O O O O
7K,That move was 7K!,That move was 7K !,O O O B-SLANG O
MFW,MRW I see the weather forecast for the weekend.,MRW I see the weather forecast for the weekend .,B-SLANG O O O O O O O O O
MRW,MFW someone eats my leftovers without asking.,MFW someone eats my leftovers without asking .,B-SLANG O O O O O O O
IFYP,"It’s been a long week. IFY, man.","It ’ s been a long week . IFY , man .",O O O O O O O O B-SLANG O O O
IDC,"You can pick the movie, IDC.","You can pick the movie , IDC .",O O O O O O B-SLANG O
IMU,"Haven’t seen you in a while, MU!","Haven ’ t seen you in a while , MU !",O O O O O O O O O B-SLANG O
ADIH,"Work was brutal today, ADIH.","Work was brutal today , ADIH .",O O O O O B-SLANG O
ZZZ,"I’m exhausted, time for bed. ZZZ.","I ’ m exhausted , time for bed . ZZZ .",O O O O O O O O O B-SLANG O
TIME,"That movie was so emotional, I have TIME right now.","That movie was so emotional , I have TIME right now .",O O O O O O O O B-SLANG O O O
FIMH,"Even though you’re far away, you’re FIMH.","Even though you ’ re far away , you ’ re FIMH .",O O O O O O O O O O O B-SLANG O
BSAAW,"You did great today, BSAAW!","You did great today , BSAAW !",O O O O O B-SLANG O
BWL,That stand-up comedy had me BWL!,That stand - up comedy had me BWL !,O O O O O O O B-SLANG O
BFF,Can’t wait to hang out with my BFF this weekend!,Can ’ t wait to hang out with my BFF this weekend !,O O O O O O O O O B-SLANG O O O
?,You said what? ?,You said what ? ?,O O O B-SLANG B-SLANG
?4U,"Hey, ?4U: Do you know what time the meeting is?","Hey , ? 4U : Do you know what time the meeting is ?",O O O B-SLANG O O O O O O O O O O
;S,"Sorry, ;S, can you repeat that?","Sorry , ; S , can you repeat that ?",O O B-SLANG I-SLANG O O O O O O
^^,"Got it, ^^","Got it , ^ ^",B-SLANG I-SLANG O O O
<3,I really appreciate you <3.,I really appreciate you < 3 .,O O O O O O B-SLANG
</3,"They broke up last night, </3","They broke up last night , < / 3",O O O O O O O O B-SLANG
<3333,I love you soooo much! <3333,I love you soooo much ! < 3333,O O O O O O O B-SLANG
@TEOTD,"It was a tough project, but @TEOTD, it was worth it.","It was a tough project , but @ TEOTD , it was worth it .",O O O O O O O O B-SLANG O O O O O O
"1TG, 2TG",I’ve got 1TG before I finish this project!,I ’ ve got 1TG before I finish this project !,O O O O B-SLANG O O O O O O
1UP,Got a 1UP in the game! Extra chance!,Got a 1UP in the game ! Extra chance !,O O B-SLANG O O O O O O O
121,Let’s have a 121 meeting to go over the details.,Let ’ s have a 121 meeting to go over the details .,O O O O O B-SLANG O O O O O O O
1337,"He’s so 1337 at coding, it’s impressive!","He ’ s so 1337 at coding , it ’ s impressive !",O O O O B-SLANG O O O O O O O O
143,"You’re my world, 143.","You ’ re my world , 143 .",O O O O O O B-SLANG O
1432,"1432, can’t wait to see you.","1432 , can ’ t wait to see you .",B-SLANG O O O O O O O O O
14AA41,"We’re a team, 14AA41!","We ’ re a team , 14AA41 !",O O O O O O B-SLANG O
182,"You ate my last slice of pizza, 182!","You ate my last slice of pizza , 182 !",O O O O O O O O B-SLANG O
19,"Got a 19, no help at all.","Got a 19 , no help at all .",O O B-SLANG O O O O O O
10M,We’ve got a 10M team working on this project.,We ’ ve got a 10M team working on this project .,O O O O O B-SLANG O O O O O O
10X,"You’ve been a big help, 10X!","You ’ ve been a big help , 10X !",O O O O O O O O B-SLANG O
10Q,10Q for your feedback on the report,10Q for your feedback on the report,B-SLANG O O O O O O
1CE,"I’ve only been there 1CE, but I loved it.","I ’ ve only been there 1CE , but I loved it .",O O O O O O B-SLANG O O O O O O
1DR,1DR what the weather will be like tomorrow.,1DR what the weather will be like tomorrow .,B-SLANG O O O O O O O O
1NAM,"You’re amazing, truly 1NAM!","You ’ re amazing , truly 1NAM !",O O O O O O B-SLANG O
2,I’m heading 2 the store.,I ’ m heading 2 the store .,O O O O B-SLANG O O O
20,What’s the 20 for the party tonight?,What ’ s the 20 for the party tonight ?,O O O O B-SLANG O O O O O
2B,The answer seems 2B clear now.,The answer seems 2B clear now .,O O O B-SLANG O O O
2EZ,That exam was 2EZ!,That exam was 2EZ !,O O O B-SLANG O
2G2BT,That deal sounds 2G2BT.,That deal sounds 2G2BT .,O O O B-SLANG O
2M2H,All this work is 2M2H right now.,All this work is 2M2H right now .,O O O O B-SLANG O O O
2MI,"You’re sharing way too much, 2MI!","You ’ re sharing way too much , 2MI !",O O O O O O O O B-SLANG O
2MOR,Let’s finish this 2MOR.,Let ’ s finish this 2MOR .,O O O O O B-SLANG O
2MORO,See you 2MORO at the meeting.,See you 2MORO at the meeting .,O O B-SLANG O O O O
2N8,Are you coming to the concert 2N8?,Are you coming to the concert 2N8 ?,O O O O O O B-SLANG O
2NTE,I’m free 2NTE if you want to hang out.,I ’ m free 2NTE if you want to hang out .,O O O O B-SLANG O O O O O O O
411,Can you give me the 411 on what happened?,Can you give me the 411 on what happened ?,O O O O O B-SLANG O O O O
404,"When it comes to math, I’m totally 404.","When it comes to math , I ’ m totally 404 .",O O O O O O O O O O B-SLANG O
420,You coming to the 420 party this weekend?,You coming to the 420 party this weekend ?,O O O O B-SLANG O O O O
459,"You’re everything to me, 459","You ’ re everything to me , 459",O O O O O O O B-SLANG
4AO,That movie is rated 4AO.,That movie is rated 4AO .,O O O O B-SLANG O
4COL,"I told you to clean your room, 4COL!","I told you to clean your room , 4COL !",O O O O O O O O B-SLANG O
4EAE,You’ll be in my heart 4EAE.,You ’ ll be in my heart 4EAE .,O O O O O O O B-SLANG O
4EVA,Friends 4EVA!,Friends 4EVA !,O B-SLANG O
4NR,"He’s from Europe, total 4NR.","He ’ s from Europe , total 4NR .",O O O O O O O B-SLANG O
4SALE,I’m putting my old car 4SALE.,I ’ m putting my old car 4SALE .,O O O O O O O B-SLANG O
^5,"We nailed that presentation, ^5!","We nailed that presentation , ^ 5 !",O O O O O O B-SLANG O
511,"That’s a bit too personal, 511!","That ’ s a bit too personal , 511 !",O O O O O O O O B-SLANG O
555,"That movie made me cry, 555.","That movie made me cry , 555 .",O O O O O O B-SLANG O
55555,"I lost my keys again, 55555!","I lost my keys again , 55555 !",O O O O O O B-SLANG O
6Y,You’re looking 6Y in that outfit!,You ’ re looking 6Y in that outfit !,O O O O B-SLANG O O O O
81,Saw a bunch of 81 members at the rally.,Saw a bunch of 81 members at the rally .,O O O O B-SLANG O O O O O
831,"You mean the world to me, 831.","You mean the world to me , 831 .",O O O O O O O B-SLANG O
86,We need to 86 that project; it’s not working.,We need to 86 that project ; it ’ s not working .,O O O B-SLANG O O O O O O O O O
88,"I’ve got to go, 88!","I ’ ve got to go , 88 !",O O O O O O O B-SLANG O
9,"Can’t talk right now, 9.","Can ’ t talk right now , 9 .",O O O O O O O B-SLANG O
*s*,"That was sweet of you, *s*.","That was sweet of you , * s * .",O O O O O O O O O O
*w*,I’ll see you later *w*.,I ’ ll see you later * w * .,O O O O O O O B-SLANG O O
AA,He’s been attending AA meetings for a year now.,He ’ s been attending AA meetings for a year now .,O O O O O B-SLANG O O O O O O
AAF,"AAF, I did finish the report yesterday.","AAF , I did finish the report yesterday .",B-SLANG O O O O O O O O
AAK,"Sorry for the late response, I was AAK last night.","Sorry for the late response , I was AAK last night .",O O O O O O O O B-SLANG O O O
AAMOF,"AAMOF, I was just about to call you.","AAMOF , I was just about to call you .",B-SLANG O O O O O O O O O
AAMOI,"AAMOI, do you know when the meeting starts?","AAMOI , do you know when the meeting starts ?",B-SLANG O O O O O O O O O
AAP,Thanks for your help! AAP!,Thanks for your help ! AAP !,O O O O O B-SLANG O
AAR,"AAR, we should meet next week to discuss this.","AAR , we should meet next week to discuss this .",B-SLANG O O O O O O O O O O
AAS,"Despite everything, I’m still AAS!","Despite everything , I ’ m still AAS !",O O O O O O O B-SLANG O
AASHTA,"You’re right again, AASHTA!","You ’ re right again , AASHTA !",O O O O O O B-SLANG O
AATK,She’s been AATK all night working on that project.,She ’ s been AATK all night working on that project .,O O O O B-SLANG O O O O O O O
AAYF,"Take care, AAYF, until next time!","Take care , AAYF , until next time !",O O O B-SLANG O O O O O
ABBR,LOL is an ABBR for ‘laugh out loud’.,LOL is an ABBR for ‘ laugh out loud ’ .,O O O B-SLANG O O O O O O O
ABC,"These ideas are ABC, let’s come up with something original.","These ideas are ABC , let ’ s come up with something original .",O O O B-SLANG O O O O O O O O O O
ABD,"Don’t worry about the task, it’s ABD.","Don ’ t worry about the task , it ’ s ABD .",O O O O O O O O O O O B-SLANG O
ABT,I’m ABT to leave for the meeting.,I ’ m ABT to leave for the meeting .,O O O B-SLANG O O O O O O
ABT2,I’m ABT2 finish my assignment.,I ’ m ABT2 finish my assignment .,O O O B-SLANG O O O O
ABTA,"It was nice seeing you, ABTA!","It was nice seeing you , ABTA !",O O O O O O B-SLANG O
ABU,My computer is ABU after that update.,My computer is ABU after that update .,O O O B-SLANG O O O O
AC,"The report you sent looks good, AC.","The report you sent looks good , AC .",O O O O O O O B-SLANG O
ACC,"The party is open to everyone, ACC.","The party is open to everyone , ACC .",O O O O O O O B-SLANG O
ACD,"When your computer freezes, just ACD.","When your computer freezes , just ACD .",O O O O O O B-SLANG O
ACDNT,"Had a minor ACDNT on the way home, but I’m okay.","Had a minor ACDNT on the way home , but I ’ m okay .",O O O B-SLANG O O O O O O O O O O O
ACE,Let’s roll an ACE for the weekend.,Let ’ s roll an ACE for the weekend .,O O O O O B-SLANG O O O O
ACK,Can you ACK that you received the package?,Can you ACK that you received the package ?,O O B-SLANG O O O O O O
ACPT,Did you ACPT the terms of the contract?,Did you ACPT the terms of the contract ?,O O B-SLANG O O O O O O
ACQSTN,The company’s latest ACQSTN was a huge success.,The company ’ s latest ACQSTN was a huge success .,O O O O O B-SLANG O O O O O
ADAD,"Work was tough today, but ADAD.","Work was tough today , but ADAD .",O O O O O O B-SLANG O
ADBB,"Finished the project, ADBB!","Finished the project , ADBB !",O O O O B-SLANG O
ADD,Can you send me your ADD for the invitation?,Can you send me your ADD for the invitation ?,O O O O O B-SLANG O O O O
ADDY,What’s your ADDY for the party?,What ’ s your ADDY for the party ?,O O O O B-SLANG O O O O
ADIP,"Spent the day at the beach, ADIP!","Spent the day at the beach , ADIP !",O O O O O O O B-SLANG O
ADMIN,You’ll need to talk to the ADMIN to get access.,You ’ ll need to talk to the ADMIN to get access .,O O O O O O O O B-SLANG O O O O
ADMINR,She’s the ADMINR for this forum.,She ’ s the ADMINR for this forum .,O O O O B-SLANG O O O O
ADN,The package should arrive ADN.,The package should arrive ADN .,O O O O B-SLANG O
ADR,I sent the package to your ADR.,I sent the package to your ADR .,O O O O O O B-SLANG O
AE,The spell has an AE that affects multiple enemies.,The spell has an AE that affects multiple enemies .,O O O O B-SLANG O O O O O
AEAP,We need that report AEAP!,We need that report AEAP !,O O O O B-SLANG O
AFC,"Be right back, AFC for a bit.","Be right back , AFC for a bit .",O O O O B-SLANG O O O O
AFAIAA,"AFAIAA, the meeting is still on schedule.","AFAIAA , the meeting is still on schedule .",B-SLANG O O O O O O O O
AFAIC,"AFAIC, we’re good to go.","AFAIC , we ’ re good to go .",B-SLANG O O O O O O O O
AFAIK,"AFAIK, they haven’t made a decision yet.","AFAIK , they haven ’ t made a decision yet .",B-SLANG O O O O O O O O O O
AFAIUI,"AFAIUI, the project is almost finished.","AFAIUI , the project is almost finished .",B-SLANG O O O O O O O
AFAP,"Finish the task AFAP, it’s a priority.","Finish the task AFAP , it ’ s a priority .",O O O B-SLANG O O O O O O O
AFFA,He had an AFFA tattoo on his arm.,He had an AFFA tattoo on his arm .,O O O B-SLANG O O O O O
AFJ,"That wasn’t serious, just an AFJ!","That wasn ’ t serious , just an AFJ !",O O O O O O O O B-SLANG O
AFZ,"No need for abbreviations, this is an AFZ.","No need for abbreviations , this is an AFZ .",O O O O O O O O B-SLANG O
AFPOE,I need AFPOE to review this document.,I need AFPOE to review this document .,O O B-SLANG O O O O O
AGI,He’s got max AGI stats in the game.,He ’ s got max AGI stats in the game .,O O O O O B-SLANG O O O O O
AH,"I’m AH, just relaxing today.","I ’ m AH , just relaxing today .",O O O B-SLANG O O O O O
AIAMU,You’re saying you finished that in 5 minutes? AIAMU!,You ’ re saying you finished that in 5 minutes ? AIAMU !,O O O O O O O O O O O B-SLANG O
AIGHT,"I’ll see you tomorrow, AIGHT?","I ’ ll see you tomorrow , AIGHT ?",O O O O O O O B-SLANG O
AIR,"AIR, the deadline was next week.","AIR , the deadline was next week .",B-SLANG O O O O O O O
AISB,"Everything is going smoothly, AISB.","Everything is going smoothly , AISB .",O O O O O B-SLANG O
AISI,"AISI, we should approach this problem differently.","AISI , we should approach this problem differently .",B-SLANG O O O O O O O O
AITR,I need to be the AITR and handle this responsibly.,I need to be the AITR and handle this responsibly .,O O O O O B-SLANG O O O O O
AKA,He’s AKA the best coder in the company.,He ’ s AKA the best coder in the company .,O O O B-SLANG O O O O O O O
ALCON,Please send this memo to ALCON.,Please send this memo to ALCON .,O O O O O B-SLANG O
ALOL,"That was so funny, ALOL!","That was so funny , ALOL !",O O O O O B-SLANG O
AMA,Doing an AMA session on Reddit later!,Doing an AMA session on Reddit later !,O O B-SLANG O O O O O
AMAP,Please work AMAP on this project today.,Please work AMAP on this project today .,O O B-SLANG O O O O O
AMBW,"Congrats on your promotion, AMBW!","Congrats on your promotion , AMBW !",O O O O O B-SLANG O
AML,"Miss you, AML!","Miss you , AML !",O O O B-SLANG O
AMOF,"AMOF, I was planning to call you today.","AMOF , I was planning to call you today .",B-SLANG O O O O O O O O O
AO,I’ve been playing AO all weekend.,I ’ ve been playing AO all weekend .,O O O O O B-SLANG O O O
AOC,I’m AOC if you need to reach me.,I ’ m AOC if you need to reach me .,O O O B-SLANG O O O O O O O
AOE,The mage cast an AOE spell on the enemies.,The mage cast an AOE spell on the enemies .,O O O O B-SLANG O O O O O
AOM,"She just turned 18, officially at the AOM.","She just turned 18 , officially at the AOM .",O O O O O O O O B-SLANG O
AOTA,When it comes to reasons I’m tired: AOTA.,When it comes to reasons I ’ m tired : AOTA .,O O O O O O O O O O B-SLANG O
AOYP,"Goodnight, sleep tight, AOYP.","Goodnight , sleep tight , AOYP .",O O O O O B-SLANG O
APAC,APAC to the entire team for the hard work!,APAC to the entire team for the hard work !,B-SLANG O O O O O O O O O
APP,I need to install this APP for work.,I need to install this APP for work .,O O O O O B-SLANG O O O
AQAP,We need to finish this AQAP!,We need to finish this AQAP !,O O O O O B-SLANG O
ARC,I'll ARC these old files.,I ' ll ARC these old files .,O O O B-SLANG O O O O
ARE,Working in tech means being in an ARE.,Working in tech means being in an ARE .,O O O O O O O B-SLANG O
ARG,Had a huge ARG with my friend last night.,Had a huge ARG with my friend last night .,O O O B-SLANG O O O O O O
ASIG,"The plan didn’t work, ASIG.","The plan didn ’ t work , ASIG .",O O O O O O O B-SLANG O
ASLA,Can you give me your ASLA?,Can you give me your ASLA ?,O O O O O B-SLANG O
AT,I'll be AT in 5 minutes.,I ' ll be AT in 5 minutes .,O O O O B-SLANG O O O O
ATB,"Good luck with your exams, ATB!","Good luck with your exams , ATB !",O O O O O O B-SLANG O
ATEOTD,"ATEOTD, we just want the project to succeed.","ATEOTD , we just want the project to succeed .",B-SLANG O O O O O O O O O
ATSITS,I love you more than ATSITS.,I love you more than ATSITS .,O O O O O B-SLANG O
ATSL,"ATSL, we should consider other options.","ATSL , we should consider other options .",B-SLANG O O O O O O O
AWC,See you later! AWC!,See you later ! AWC !,O O O O B-SLANG O
AWESO,That party was AWESO!,That party was AWESO !,O O O B-SLANG O
AWOL,He’s been AWOL for a few days now.,He ’ s been AWOL for a few days now .,O O O O B-SLANG O O O O O O
AYDY,"I’m waiting, AYDY?","I ’ m waiting , AYDY ?",O O O O O B-SLANG O
AYBABTU,"That meme is classic, AYBABTU!","That meme is classic , AYBABTU !",O O O O O B-SLANG O
AYEC,Please send me the document AYEC.,Please send me the document AYEC .,O O O O O B-SLANG O
AYOR,"You can go ahead, but AYOR!","You can go ahead , but AYOR !",O O O O O O B-SLANG O
AYSOS,"Why would you do that, AYSOS?","Why would you do that , AYSOS ?",O O O O O O B-SLANG O
AYS,AYS? I can’t believe it!,AYS ? I can ’ t believe it !,B-SLANG O O O O O O O O
AYT,AYT? Haven’t heard from you.,AYT ? Haven ’ t heard from you .,B-SLANG O O O O O O O O
AYTMTB,AYTMTB? What’s the point?,AYTMTB ? What ’ s the point ?,B-SLANG O O O O O O O
AYV,AYV? Time to get up!,AYV ? Time to get up !,B-SLANG O O O O O O
AYW,"It’s all good now, AYW.","It ’ s all good now , AYW .",O O O O O O O B-SLANG O
AZN,"He’s AZN, right?","He ’ s AZN , right ?",O O O B-SLANG O O O
B,I’ll be B in a sec.,I ’ ll be B in a sec .,O O O O B-SLANG O O O O
B&,He got B& from the forum.,He got B & from the forum .,O O B-SLANG O O O O O
B2B,Our company focuses on B2B sales.,Our company focuses on B2B sales .,O O O O B-SLANG O O
B2C,We need to boost our B2C strategy.,We need to boost our B2C strategy .,O O O O O B-SLANG O O
B2W,"Break’s over, B2W.","Break ’ s over , B2W .",O O O O O B-SLANG O
B8,"Don’t take the B8, it’s a trap!","Don ’ t take the B8 , it ’ s a trap !",O O O O O B-SLANG O O O O O O O
B9,"Quiet, B9!","Quiet , B9 !",O O B-SLANG O
B/G,Give me the B/G on that.,Give me the B / G on that .,O O O B-SLANG O I-SLANG O O O
BAG,I was BAG laughing at that joke!,I was BAG laughing at that joke !,O O B-SLANG O O O O O
BA,That move was BA!,That move was BA !,O O O B-SLANG O
BAFO,"This is my BAFO, take it or leave it.","This is my BAFO , take it or leave it .",O O O B-SLANG O O O O O O O
BAM,That was such a BAM move.,That was such a BAM move .,O O O O B-SLANG O O
BAMF,He handled that like a BAMF!,He handled that like a BAMF !,O O O O O B-SLANG O
BAO,BAO of the changes in the schedule.,BAO of the changes in the schedule .,B-SLANG O O O O O O O
BAS,He had a BAS after hearing the good news.,He had a BAS after hearing the good news .,O O O B-SLANG O O O O O O
BASIC,Her outfit is so BASIC.,Her outfit is so BASIC .,O O O O B-SLANG O
BASOR,"Finally finished the project, BASOR!","Finally finished the project , BASOR !",O O O O O B-SLANG O
BAU,"After the meeting, it was BAU.","After the meeting , it was BAU .",O O O O O O B-SLANG O
BAY,Good luck! BAY!,Good luck ! BAY !,O O O B-SLANG O
BB,"I’m stepping out, BB in 10.","I ’ m stepping out , BB in 10 .",O O O O O O B-SLANG O O O
BBC,This new project is a BBC.,This new project is a BBC .,O O O O O B-SLANG O
BBIAB,"Gotta run, BBIAB!","Gotta run , BBIAB !",O O O B-SLANG O
BBIAF,"I’m heading to the store, BBIAF.","I ’ m heading to the store , BBIAF .",O O O O O O O O B-SLANG O
BBIAM,"Hold on, BBIAM.","Hold on , BBIAM .",O O O B-SLANG O
BBIAS,"Let me grab some water, BBIAS.","Let me grab some water , BBIAS .",O O O O O O B-SLANG O
BBN,"Time for me to head out, BBN!","Time for me to head out , BBN !",O O O O O O O B-SLANG O
BBQ,We’re having a BBQ this weekend!,We ’ re having a BBQ this weekend !,O O O O O B-SLANG O O O
BBT,"Work’s done for today, BBT.","Work ’ s done for today , BBT .",O O O O O O O B-SLANG O
BC,I’m late BC traffic was crazy.,I ’ m late BC traffic was crazy .,O O O O B-SLANG O O O O
B/C,I’m leaving early B/C I have an appointment.,I ’ m leaving early B / C I have an appointment .,O O O O O B-SLANG O I-SLANG O O O O O
BCNU,"It was nice catching up, BCNU!","It was nice catching up , BCNU !",O O O O O O B-SLANG O
BCOS,I’m heading home early BCOS I’m tired.,I ’ m heading home early BCOS I ’ m tired .,O O O O O O B-SLANG O O O O O
BCO,I think I have a BCO that new guy.,I think I have a BCO that new guy .,O O O O O B-SLANG O O O O
BCOY,I didn’t know you had a BCOY!,I didn ’ t know you had a BCOY !,O O O O O O O O B-SLANG O
BD,"It’s not that hard, no BD.","It ’ s not that hard , no BD .",O O O O O O O O B-SLANG O
BDAY,My BDAY is next week!,My BDAY is next week !,O B-SLANG O O O O
B-DAY,Happy B-DAY!,Happy B - DAY !,O B-SLANG O I-SLANG O
BDN,That’s a BDN to solve!,That ’ s a BDN to solve !,O O O O B-SLANG O O O
BEG,He looked at me with a BEG after pulling the prank.,He looked at me with a BEG after pulling the prank .,O O O O O O B-SLANG O O O O O
BELF,My main character in WoW is a BELF.,My main character in WoW is a BELF .,O O O O O O O B-SLANG O
BF,I’m meeting my BF for dinner.,I ’ m meeting my BF for dinner .,O O O O O B-SLANG O O O
BFAW,He’s my BFAW; we have lunch together every day.,He ’ s my BFAW ; we have lunch together every day .,O O O O B-SLANG O O O O O O O O
BF2,I’m playing BF2 tonight.,I ’ m playing BF2 tonight .,O O O O B-SLANG O O
BFFL,We’ve been BFFL since high school.,We ’ ve been BFFL since high school .,O O O O B-SLANG O O O O
BFFLNMW,"Even though we’re miles apart, we’re BFFLNMW.","Even though we ’ re miles apart , we ’ re BFFLNMW .",O O O O O O O O O O O B-SLANG O
BFD,"It’s not that hard, no BFD.","It ’ s not that hard , no BFD .",O O O O O O O O B-SLANG O
BFG,She gave me a BFG when I told her the news.,She gave me a BFG when I told her the news .,O O O O B-SLANG O O O O O O O
BFFN,"We’re not as close anymore, just BFFN.","We ’ re not as close anymore , just BFFN .",O O O O O O O O O B-SLANG O
BG,He walked in with a BG after winning the game.,He walked in with a BG after winning the game .,O O O O O B-SLANG O O O O O
BGWM,"It’s my first time here, BGWM!","It ’ s my first time here , BGWM !",O O O O O O O O B-SLANG O
BHL8,"Running late, BHL8 tonight.","Running late , BHL8 tonight .",O O O B-SLANG O O
BIB,"Gotta go, BIB.","Gotta go , BIB .",O O O B-SLANG O
BIBO,"Had too many beers last night, you know how it is, BIBO!","Had too many beers last night , you know how it is , BIBO !",O O O O O O O O O O O O O B-SLANG O
BIC,It’s time to get BIC and finish this report.,It ’ s time to get BIC and finish this report .,O O O O O O B-SLANG O O O O O
BIF,"BIF, don’t forget the meeting at 3!","BIF , don ’ t forget the meeting at 3 !",B-SLANG O O O O O O O O O O
BIH,"I’m so mad at him, he can BIH.","I ’ m so mad at him , he can BIH .",O O O O O O O O O O B-SLANG O
BIL,I’m hanging out with my BIL this weekend.,I ’ m hanging out with my BIL this weekend .,O O O O O O O B-SLANG O O O
BIO,"BRB, BIO.","BRB , BIO .",O O B-SLANG O
BION,"BION, I actually won the lottery!","BION , I actually won the lottery !",B-SLANG O O O O O O O
BIOYA,"I don’t care what you think, BIOYA.","I don ’ t care what you think , BIOYA .",O O O O O O O O O B-SLANG O
BIOYN,"You’re being ridiculous, BIOYN.","You ’ re being ridiculous , BIOYN .",O O O O O O B-SLANG O
BIS,That new sword is BIS for my character.,That new sword is BIS for my character .,O O O O B-SLANG O O O O
BISFLATM,The news about the merger is BISFLATM for now.,The news about the merger is BISFLATM for now .,O O O O O O B-SLANG O O O
BITMT,"We’re waiting for the results, BITMT, let’s finish the other tasks.","We ’ re waiting for the results , BITMT , let ’ s finish the other tasks .",O O O O O O O O B-SLANG O O O O O O O O O
BL,That joke gave me a BL!,That joke gave me a BL !,O O O O O B-SLANG O
BLNT,"Didn’t win the game, BLNT!","Didn ’ t win the game , BLNT !",O O O O O O O B-SLANG O
Bloke,I’m chatting with some blokes on Discord.,I ’ m chatting with some blokes on Discord .,O O O O O O B-SLANG O O O
BM,"If you don’t like it, BM!","If you don ’ t like it , BM !",O O O O O O O O B-SLANG O
BME,"BME, that’s not how it usually works.","BME , that ’ s not how it usually works .",B-SLANG O O O O O O O O O O
BM&Y,"BM&Y, I think she’s going to quit soon.","BM & Y , I think she ’ s going to quit soon .",B-SLANG O I-SLANG O O O O O O O O O O O
BOB,"That’s my seat, BOB!","That ’ s my seat , BOB !",O O O O O O B-SLANG O
BN,Got some BN about the project.,Got some BN about the project .,O O B-SLANG O O O O
BOE,I just found a BOE item in the dungeon.,I just found a BOE item in the dungeon .,O O O O B-SLANG O O O O O
BOHICA,Another round of layoffs? BOHICA.,Another round of layoffs ? BOHICA .,O O O O O B-SLANG O
BOL,BOL on your new job!,BOL on your new job !,B-SLANG O O O O O
BOM,"I’m late BOM, I had a meeting.","I ’ m late BOM , I had a meeting .",O O O O B-SLANG O O O O O O
BOLO,BOLO for the new shipment tomorrow.,BOLO for the new shipment tomorrow .,B-SLANG O O O O O O
BOOMS,This meeting is making me BOOMS.,This meeting is making me BOOMS .,O O O O O B-SLANG O
BOSMKL,That video had me BOSMKL!,That video had me BOSMKL !,O O O O B-SLANG O
BOT,"Okay, BOT, what’s the next agenda item?","Okay , BOT , what ’ s the next agenda item ?",O O B-SLANG O O O O O O O O O
BMS,"You’re so gorgeous, you BMS!","You ’ re so gorgeous , you BMS !",O O O O O O O B-SLANG O
BOYF,My BOYF is meeting me for dinner.,My BOYF is meeting me for dinner .,O B-SLANG O O O O O O
BPLM,"He’s all talk, just a BPLM.","He ’ s all talk , just a BPLM .",O O O O O O O O B-SLANG O
BR,"Looking forward to the meeting, BR.","Looking forward to the meeting , BR .",O O O O O O B-SLANG O
BRBB,"Hold on, BRBB!","Hold on , BRBB !",O O O B-SLANG O
BRNC,"Need a quick break, BRNC.","Need a quick break , BRNC .",O O O O O B-SLANG O
BRD,I’m so BRD at work today.,I ’ m so BRD at work today .,O O O O B-SLANG O O O O
BRH,I’ll BRH if you need anything.,I ’ ll BRH if you need anything .,O O O B-SLANG O O O O O
BSF,"BSF, let’s get back to the point.","BSF , let ’ s get back to the point .",B-SLANG O O O O O O O O O O
BSOD,My computer just hit me with the BSOD!,My computer just hit me with the BSOD !,O O O O O O O B-SLANG O
BSTS,"I’m bringing an extra charger, BSTS.","I ’ m bringing an extra charger , BSTS .",O O O O O O O O B-SLANG O
BT,"If you don’t like my idea, BT.","If you don ’ t like my idea , BT .",O O O O O O O O O B-SLANG O
BTA,"It seems like a good idea, BTA, it might not work out.","It seems like a good idea , BTA , it might not work out .",O O O O O O O B-SLANG O O O O O O O
BTDT,"Oh, another road trip? BTDT.","Oh , another road trip ? BTDT .",O O O O O O B-SLANG O
BTYCL,I got a BTYCL last night.,I got a BTYCL last night .,O O O B-SLANG O O O
BUBU,"She's absolutely stunning, a real BUBU.","She ' s absolutely stunning , a real BUBU .",O O O O O O O O B-SLANG O
BURN,That was a sick BURN during the debate!,That was a sick BURN during the debate !,O O O O B-SLANG O O O O
Buff,The mage class got a Buff in the new update.,The mage class got a Buff in the new update .,O O O O O B-SLANG O O O O O
BYOB,"We’re having a party this weekend, BYOB!","We ’ re having a party this weekend , BYOB !",O O O O O O O O O B-SLANG O
BYOC,"The LAN party is BYOC, so don’t forget your setup!","The LAN party is BYOC , so don ’ t forget your setup !",O O O O B-SLANG O O O O O O O O O
BYOD,"Our company is BYOD, so you can use your own laptop.","Our company is BYOD , so you can use your own laptop .",O O O B-SLANG O O O O O O O O O
BYOH,"If you mess up again, I’ll BYOH!","If you mess up again , I ’ ll BYOH !",O O O O O O O O O B-SLANG O
BYOP,We’re going to the BYOP field this weekend.,We ’ re going to the BYOP field this weekend .,O O O O O O B-SLANG O O O O
BYTM,"That meeting sounds rough, BYTM!","That meeting sounds rough , BYTM !",O O O O O B-SLANG O
C&G,That joke made me C&G.,That joke made me C & G .,O O O O B-SLANG O I-SLANG O
C4N,"I’ve got to run, C4N!","I ’ ve got to run , C4N !",O O O O O O O B-SLANG O
CAD,"My computer froze, time for a CAD.","My computer froze , time for a CAD .",O O O O O O O B-SLANG O
Cakeday,Happy Cakeday! Hope you have a great one!,Happy Cakeday ! Hope you have a great one !,O B-SLANG O O O O O O O O
CAM,Turn on your CAM for the meeting.,Turn on your CAM for the meeting .,O O O B-SLANG O O O O
CB,"I’m heading out for a CB, anyone joining?","I ’ m heading out for a CB , anyone joining ?",O O O O O O O B-SLANG O O O O
CD9,"I can’t talk right now, CD9.","I can ’ t talk right now , CD9 .",O O O O O O O O B-SLANG O
CFS,CFS? I have some juicy gossip.,CFS ? I have some juicy gossip .,B-SLANG O O O O O O O
CFY,"Hey, CFY! Need your help with something.","Hey , CFY ! Need your help with something .",O O B-SLANG O O O O O O O
CHK,Can you CHK if the report is ready?,Can you CHK if the report is ready ?,O O B-SLANG O O O O O O
CIAO,"Heading out now, CIAO!","Heading out now , CIAO !",O O O O B-SLANG O
CICO,"Too much caffeine, CICO time!","Too much caffeine , CICO time !",O O O O B-SLANG O O
CID,"After that presentation, I’m CID.","After that presentation , I ’ m CID .",O O O O O O O B-SLANG O
CLAB,I was CLAB during that sad movie.,I was CLAB during that sad movie .,O O B-SLANG O O O O O
CLD,I CLD help you with that later.,I CLD help you with that later .,O B-SLANG O O O O O O
CLK,Just CLK here to sign up.,Just CLK here to sign up .,O B-SLANG O O O O O
CM,"I need to talk, CM when you’re free.","I need to talk , CM when you ’ re free .",O O O O O B-SLANG O O O O O O
CMAP,Can you be my CMAP during the meeting?,Can you be my CMAP during the meeting ?,O O O O B-SLANG O O O O
CMB,"Missed your call, CMB when you can.","Missed your call , CMB when you can .",O O O O B-SLANG O O O O
CMGR,She’s the CMGR for our online forum.,She ’ s the CMGR for our online forum .,O O O O B-SLANG O O O O O
CMIIW,"CMIIW, but isn’t the meeting tomorrow?","CMIIW , but isn ’ t the meeting tomorrow ?",B-SLANG O O O O O O O O O
CMON,"CMON, you can’t be serious!","CMON , you can ’ t be serious !",B-SLANG O O O O O O O O
CNP,"This story is too long, CNP!","This story is too long , CNP !",O O O O O O B-SLANG O
COB,We need the report by COB today.,We need the report by COB today .,O O O O O B-SLANG O O
COH,I’m logging into COH tonight.,I ’ m logging into COH tonight .,O O O O O B-SLANG O O
COS,I’m staying in COS it’s raining.,I ’ m staying in COS it ’ s raining .,O O O O O B-SLANG O O O O O
C/P,I’ll C/P this to the other forum too.,I ’ ll C / P this to the other forum too .,O O O B-SLANG O I-SLANG O O O O O O O
CP,I’ll respond to your CP later.,I ’ ll respond to your CP later .,O O O O O O B-SLANG O O
CR8,I’m trying to CR8 a new design.,I ’ m trying to CR8 a new design .,O O O O O B-SLANG O O O O
Cray,That concert was totally Cray!,That concert was totally Cray !,O O O O B-SLANG O
CRE8,I’m going to CRE8 a new logo.,I ’ m going to CRE8 a new logo .,O O O O O B-SLANG O O O O
CRA CRA,That party was CRA CRA!,That party was CRA CRA !,O O O B-SLANG I-SLANG O
CRAFT,"I’ve been studying all night, but now I CRAFT!","I ’ ve been studying all night , but now I CRAFT !",O O O O O O O O O O O B-SLANG O
CRB,"I just need to grab something, CRB.","I just need to grab something , CRB .",O O O O O O O B-SLANG O
CRBT,That movie had me CRBT at the end.,That movie had me CRBT at the end .,O O O O B-SLANG O O O O
CRIT,I landed a CRIT on the boss!,I landed a CRIT on the boss !,O O O B-SLANG O O O O
CRZ,That rollercoaster was CRZ!,That rollercoaster was CRZ !,O O O B-SLANG O
CRS,"I’ve got CRS lately, where did I put my keys?","I ’ ve got CRS lately , where did I put my keys ?",O O O O B-SLANG O O O O O O O O O
CSG,That meme got a CSG out of me.,That meme got a CSG out of me .,O O O O B-SLANG O O O O
CSS,I’m going to hop on CSS tonight for some games.,I ’ m going to hop on CSS tonight for some games .,O O O O O O O B-SLANG O O O O O
CT,"CT now, call you later.","CT now , call you later .",B-SLANG O O O O O O
CTC,"Hey, CTC for a bit?","Hey , CTC for a bit ?",O O B-SLANG O O O O
CTHU,That video had me CTHU!,That video had me CTHU !,O O O O B-SLANG O
CTN,"CTN, I’m in a meeting.","CTN , I ’ m in a meeting .",B-SLANG O O O O O O O O
CTO,"CTO, you have to see this!","CTO , you have to see this !",B-SLANG O O O O O O O
CU2,"Take care, CU2 soon!","Take care , CU2 soon !",O O O B-SLANG O O
CUA,"Alright, CUA!","Alright , CUA !",O O B-SLANG O
CUL,"Gotta go, CUL!","Gotta go , CUL !",O O O B-SLANG O
CULA,"Heading out, CULA!","Heading out , CULA !",O O O B-SLANG O
CUMID,"Goodnight, CUMID!","Goodnight , CUMID !",O O B-SLANG O
CURLO,"I’ll CURLO, don’t be a stranger!","I ’ ll CURLO , don ’ t be a stranger !",O O O B-SLANG O O O O O O O O
CWD,Check out the doc and CWD.,Check out the doc and CWD .,O O O O O B-SLANG O
CWOT,That meeting was a total CWOT.,That meeting was a total CWOT .,O O O O O B-SLANG O
CWYL,"I’m logging off, CWYL!","I ’ m logging off , CWYL !",O O O O O O B-SLANG O
CX,"Oops, CX: the meeting is tomorrow.","Oops , CX : the meeting is tomorrow .",O O B-SLANG O O O O O O
CYAL8R,"Got to go, CYAL8R!","Got to go , CYAL8R !",O O O O B-SLANG O
CYE,"I sent you the details, CYE!","I sent you the details , CYE !",O O O O O O B-SLANG O
CYEP,"It’s a surprise, CYEP!","It ’ s a surprise , CYEP !",O O O O O O B-SLANG O
CYO,I’ll CYO for the game later.,I ’ ll CYO for the game later .,O O O B-SLANG O O O O O
D2,I’ll give you a D2 when I’m ready.,I ’ ll give you a D2 when I ’ m ready .,O O O O O O B-SLANG O O O O O O
D46?,Are you D46?,Are you D46 ?,O O B-SLANG O
DA,Let’s head to DA movies.,Let ’ s head to DA movies .,O O O O O B-SLANG O O
DAE,DAE feel like today’s been really long?,DAE feel like today ’ s been really long ?,B-SLANG O O O O O O O O O
DAFUQ,DAFUQ just happened there?,DAFUQ just happened there ?,B-SLANG O O O O
DAM,"I’m busy, DAM!","I ’ m busy , DAM !",O O O O O B-SLANG O
DAoC,I’m playing DAoC this weekend.,I ’ m playing DAoC this weekend .,O O O O B-SLANG O O O
DBAU,"Even with the changes, we’re DBAU here.","Even with the changes , we ’ re DBAU here .",O O O O O O O O B-SLANG O O
DBEYR,"Be careful online, DBEYR.","Be careful online , DBEYR .",O O O O B-SLANG O
DC,I got DC’d from the server!,I got DC ’ d from the server !,O O B-SLANG O O O O O O
DD,My DD is starting school this year.,My DD is starting school this year .,O B-SLANG O O O O O O
DDG,She looked absolutely DDG in that dress.,She looked absolutely DDG in that dress .,O O O B-SLANG O O O O
DEEZ NUTZ,"You walked right into that one, DEEZ NUTZ!","You walked right into that one , DEEZ NUTZ !",O O O O O O O B-SLANG I-SLANG O
DEGT,My DEGT loves playing soccer.,My DEGT loves playing soccer .,O B-SLANG O O O O
DERP,"I forgot my keys again, DERP.","I forgot my keys again , DERP .",O O O O O O B-SLANG O
DF,"I’m not talking about that, DF!","I ’ m not talking about that , DF !",O O O O O O O O B-SLANG O
DFL,"I finished the race DFL, but at least I finished!","I finished the race DFL , but at least I finished !",O O O O B-SLANG O O O O O O O
DGA,"I’ll be right back, DGA!","I ’ ll be right back , DGA !",O O O O O O O B-SLANG O
DGAF,He DGAF about what people think.,He DGAF about what people think .,O B-SLANG O O O O O
DGT,"We’re not talking about that, DGT.","We ’ re not talking about that , DGT .",O O O O O O O O B-SLANG O
DGTG,"You did not just say that, DGTG!","You did not just say that , DGTG !",O O O O O O O B-SLANG O
DGYF,"Saw you at the party last night, DGYF!","Saw you at the party last night , DGYF !",O O O O O O O O B-SLANG O
DH,My DH is cooking dinner tonight.,My DH is cooking dinner tonight .,O B-SLANG O O O O O
DHU,Thanks for the DHU during the tough times.,Thanks for the DHU during the tough times .,O O O B-SLANG O O O O O
DIIK,What’s the answer to this problem? DIIK.,What ’ s the answer to this problem ? DIIK .,O O O O O O O O O B-SLANG O
DIKU,"Hey, DIKU? You look familiar.","Hey , DIKU ? You look familiar .",O O B-SLANG O O O O O
DILLIGAF,"You can complain all you want, but DILLIGAF.","You can complain all you want , but DILLIGAF .",O O O O O O O O B-SLANG O
DILLIGAS,You think that bothers me? DILLIGAS.,You think that bothers me ? DILLIGAS .,O O O O O O B-SLANG O
DIS,DIS I wouldn’t help you? Think again.,DIS I wouldn ’ t help you ? Think again .,B-SLANG O O O O O O O O O O
DITYID,DITYID about how stressful work has been?,DITYID about how stressful work has been ?,B-SLANG O O O O O O O
DIY,"If you want it done right, just DIY.","If you want it done right , just DIY .",O O O O O O O O B-SLANG O
DKDC,What’s happening in the news today? DKDC.,What ’ s happening in the news today ? DKDC .,O O O O O O O O O B-SLANG O
DKP,I earned a ton of DKP during the raid.,I earned a ton of DKP during the raid .,O O O O O B-SLANG O O O O
D/L,I’m waiting for the new game to D/L.,I ’ m waiting for the new game to D / L .,O O O O O O O O O B-SLANG O I-SLANG O
DL,The file is taking forever to DL.,The file is taking forever to DL .,O O O O O O B-SLANG O
DLBBB,Goodnight! DLBBB!,Goodnight ! DLBBB !,O O B-SLANG O
DLTBBB,"Sleep well, DLTBBB!","Sleep well , DLTBBB !",O O O B-SLANG O
DM,It DM whether we go now or later.,It DM whether we go now or later .,O B-SLANG O O O O O O O
DMNO,"DMNO, but that was a weird thing to say.","DMNO , but that was a weird thing to say .",B-SLANG O O O O O O O O O O
DMY,"That movie wasn’t scary at all, DMY!","That movie wasn ’ t scary at all , DMY !",O O O O O O O O O B-SLANG O
DN,I’m DN to hang out later.,I ’ m DN to hang out later .,O O O B-SLANG O O O O O
DNC,What did you mean by that? DNC.,What did you mean by that ? DNC .,O O O O O O O B-SLANG O
DNR,Let’s grab DNR tonight.,Let ’ s grab DNR tonight .,O O O O B-SLANG O O
DNT,DNT forget to bring the tickets!,DNT forget to bring the tickets !,B-SLANG O O O O O O
d00d,"What’s up, d00d?","What ’ s up , d00d ?",O O O O O B-SLANG O
DOE,"She’s a true DOE, always kind and caring.","She ’ s a true DOE , always kind and caring .",O O O O O B-SLANG O O O O O O
DORBS,That puppy is so DORBS!,That puppy is so DORBS !,O O O O B-SLANG O
DOT,I applied a DOT spell during the boss fight.,I applied a DOT spell during the boss fight .,O O O B-SLANG O O O O O O
Downvote,"My comment got a downvote, guess it wasn’t popular.","My comment got a downvote , guess it wasn ’ t popular .",O O O O B-SLANG O O O O O O O O
DPS,I’m playing a DPS role in the raid.,I ’ m playing a DPS role in the raid .,O O O O O B-SLANG O O O O O
DQMOT,"I think the meeting is tomorrow, but DQMOT.","I think the meeting is tomorrow , but DQMOT .",O O O O O O O O B-SLANG O
DR,"DR, what’s the summary?","DR , what ’ s the summary ?",B-SLANG O O O O O O O
DS,My DS is coming home from college this weekend.,My DS is coming home from college this weekend .,O B-SLANG O O O O O O O O
DTRT,"Even if it’s hard, always DTRT.","Even if it ’ s hard , always DTRT .",O O O O O O O O B-SLANG O
DTS,Are you coming to the party? DTS.,Are you coming to the party ? DTS .,O O O O O O O B-SLANG O
DTTD,"We’ll be right back, DTTD!","We ’ ll be right back , DTTD !",O O O O O O O B-SLANG O
DUPE,I accidentally made a DUPE of the file.,I accidentally made a DUPE of the file .,O O O O B-SLANG O O O O
DUR,DUR that trip we took last year?,DUR that trip we took last year ?,B-SLANG O O O O O O O
DV8,Let’s not DV8 from the original plan.,Let ’ s not DV8 from the original plan .,O O O O B-SLANG O O O O O
DW,My DW planned a surprise for my birthday.,My DW planned a surprise for my birthday .,O B-SLANG O O O O O O O
DWF,She’s listed as a DWF in the profile.,She ’ s listed as a DWF in the profile .,O O O O O O B-SLANG O O O O
DWM,He’s a DWM looking for a new start.,He ’ s a DWM looking for a new start .,O O O O B-SLANG O O O O O O
DXNRY,I had to check the DXNRY to figure out what that word meant.,I had to check the DXNRY to figure out what that word meant .,O O O O O B-SLANG O O O O O O O O
DYNWUTB,"You keep saying that, but DYNWUTB?","You keep saying that , but DYNWUTB ?",O O O O O O B-SLANG O
DYFI,"You were looking for your keys, DYFI?","You were looking for your keys , DYFI ?",O O O O O O O B-SLANG O
DYFM,"The way you explain things, DYFM!","The way you explain things , DYFM !",O O O O O O B-SLANG O
DYJHIW,DYJHIW you lose your keys right when you need them?,DYJHIW you lose your keys right when you need them ?,B-SLANG O O O O O O O O O O
DYOR,"Before you invest, make sure to DYOR.","Before you invest , make sure to DYOR .",O O O O O O O B-SLANG O
E,She was at the club on E last night.,She was at the club on E last night .,O O O O O O B-SLANG O O O
E1,E1 needs to be ready by 5 PM.,E1 needs to be ready by 5 PM .,B-SLANG O O O O O O O O
E123,"Don’t worry about it, it’s E123!","Don ’ t worry about it , it ’ s E123 !",O O O O O O O O O O B-SLANG O
E2EG,"After hearing the good news, I had an E2EG.","After hearing the good news , I had an E2EG .",O O O O O O O O O B-SLANG O
EAK,"I’ll reply in a bit, I’m EAK right now.","I ’ ll reply in a bit , I ’ m EAK right now .",O O O O O O O O O O O B-SLANG O O O
EBKAC,"It’s not a tech issue, just an EBKAC!","It ’ s not a tech issue , just an EBKAC !",O O O O O O O O O O B-SLANG O
ED,I accidentally hit ED and lost my work.,I accidentally hit ED and lost my work .,O O O B-SLANG O O O O O
EF4T,That took a lot of EF4T to complete.,That took a lot of EF4T to complete .,O O O O O B-SLANG O O O
EG,He gave me an EG after pulling that prank.,He gave me an EG after pulling that prank .,O O O O B-SLANG O O O O O
EI,"I told him he’d fail, and he totally had to EI.","I told him he ’ d fail , and he totally had to EI .",O O O O O O O O O O O O O B-SLANG O
EIP,"The blog post is still EIP, I’ll send it when it’s ready.","The blog post is still EIP , I ’ ll send it when it ’ s ready .",O O O O O B-SLANG O O O O O O O O O O O O
ELI5,Can you ELI5 how blockchain works?,Can you ELI5 how blockchain works ?,O O B-SLANG O O O O
EM,I’ll send you the details via EM.,I ’ ll send you the details via EM .,O O O O O O O O B-SLANG O
EMA,What’s your EMA so I can send the files?,What ’ s your EMA so I can send the files ?,O O O O B-SLANG O O O O O O O
EMBAR,That mistake was so EMBAR!,That mistake was so EMBAR !,O O O O B-SLANG O
EMFBI,"EMFBI, but I think you’re mistaken about that.","EMFBI , but I think you ’ re mistaken about that .",B-SLANG O O O O O O O O O O O
EMSG,I sent you an EMSG this morning.,I sent you an EMSG this morning .,O O O O B-SLANG O O O
ENUF,"That’s ENUF, let’s move on.","That ’ s ENUF , let ’ s move on .",O O O B-SLANG O O O O O O O
EOD,Please submit the report by EOD.,Please submit the report by EOD .,O O O O O B-SLANG O
EOL,"That’s all for today, EOL.","That ’ s all for today , EOL .",O O O O O O O B-SLANG O
EOM,"Meeting moved to 3 PM, EOM.","Meeting moved to 3 PM , EOM .",O O O O O O B-SLANG O
EOS,We’ll talk after EOS.,We ’ ll talk after EOS .,O O O O O B-SLANG O
EOT,"I’ve sent all the data, EOT.","I ’ ve sent all the data , EOT .",O O O O O O O O B-SLANG O
EQ,I used to play EQ all the time.,I used to play EQ all the time .,O O O O B-SLANG O O O O
ERP,He’s into ERP in online games.,He ’ s into ERP in online games .,O O O O B-SLANG O O O O
ERS2,ERS2? I can’t believe that happened!,ERS2 ? I can ’ t believe that happened !,B-SLANG O O O O O O O O O
ES,I accidentally hit ES and lost all my work.,I accidentally hit ES and lost all my work .,O O O B-SLANG O O O O O O
ESAD,"I was so mad, I told him to ESAD.","I was so mad , I told him to ESAD .",O O O O O O O O O B-SLANG O
ETA,What’s your ETA? The meeting starts soon.,What ’ s your ETA ? The meeting starts soon .,O O O O B-SLANG O O O O O O
EVA,That was the best movie EVA!,That was the best movie EVA !,O O O O O B-SLANG O
EVO,The EVO of technology is fascinating.,The EVO of technology is fascinating .,O B-SLANG O O O O O
EWG,He was EWG me about my new haircut.,He was EWG me about my new haircut .,O O B-SLANG O O O O O O
EWI,"I sent an embarrassing email last night, totally EWI.","I sent an embarrassing email last night , totally EWI .",O O O O O O O O O B-SLANG O
EYC,"She handled the news EYC, excited but not overwhelmed.","She handled the news EYC , excited but not overwhelmed .",O O O O B-SLANG O O O O O O
EZ,"That task was EZ, no problem!","That task was EZ , no problem !",O O O B-SLANG O O O O
EZY,The instructions were super EZY to follow.,The instructions were super EZY to follow .,O O O O B-SLANG O O O
F,The gamer I met was an F.,The gamer I met was an F .,O O O O O O B-SLANG O
F2F,Let’s meet F2F to discuss the details.,Let ’ s meet F2F to discuss the details .,O O O O B-SLANG O O O O O
F2P,"That new game is F2P, so everyone can try it.","That new game is F2P , so everyone can try it .",O O O O B-SLANG O O O O O O O
F4F,I’ll F4F if you’re interested!,I ’ ll F4F if you ’ re interested !,O O O B-SLANG O O O O O O
FAAK,I’ve been working for hours and I’m FAAK right now.,I ’ ve been working for hours and I ’ m FAAK right now .,O O O O O O O O O O O B-SLANG O O O
FAB,You look absolutely FAB tonight!,You look absolutely FAB tonight !,O O O B-SLANG O O
Facepalm,"I forgot my wallet at home, facepalm.","I forgot my wallet at home , facepalm .",O O O O O O O B-SLANG O
FAF,That video was FAF!,That video was FAF !,O O O B-SLANG O
FAY,"I’m done with this nonsense, FAY!","I ’ m done with this nonsense , FAY !",O O O O O O O O B-SLANG O
FB,Add me on FB!,Add me on FB !,O O O B-SLANG O
FBB,"She’s my FBB, we met through a group.","She ’ s my FBB , we met through a group .",O O O O B-SLANG O O O O O O O
FBC,I’ll FBC you later about the event.,I ’ ll FBC you later about the event .,O O O B-SLANG O O O O O O
FBF,"Here’s a pic from my trip last year, #FBF.","Here ’ s a pic from my trip last year , # FBF .",O O O O O O O O O O O O B-SLANG O
FBFR,"He’s just an FBFR, we don’t talk much.","He ’ s just an FBFR , we don ’ t talk much .",O O O O O B-SLANG O O O O O O O O
FBM,"If you want to skip the movie, FBM.","If you want to skip the movie , FBM .",O O O O O O O O B-SLANG O
FBO,We’re finally FBO—changed our relationship status!,We ’ re finally FBO — changed our relationship status !,O O O O B-SLANG O O O O O O
FBOW,"We’re in this together, FBOW.","We ’ re in this together , FBOW .",O O O O O O O B-SLANG O
FC’INGO,"FC’INGO, just tell me the answer already!","FC ’ INGO , just tell me the answer already !",B-SLANG O I-SLANG O O O O O O O O
FCOL,"FCOL, why is this taking so long?","FCOL , why is this taking so long ?",B-SLANG O O O O O O O O
Feelsbadman,"Lost the game, feelsbadman.","Lost the game , feelsbadman .",O O O O B-SLANG O
Feelsbatman,"Got rejected for the third time, feelsbatman.","Got rejected for the third time , feelsbatman .",O O O O O O O B-SLANG O
Feelsgoodman,"Just finished my project early, feelsgoodman.","Just finished my project early , feelsgoodman .",O O O O O O B-SLANG O
FEITCTAJ,"If they didn’t like my joke, FEITCTAJ.","If they didn ’ t like my joke , FEITCTAJ .",O O O O O O O O O B-SLANG O
FF,Shoutout to my favorite accounts for #FF!,Shoutout to my favorite accounts for # FF !,O O O O O O O B-SLANG O
FFA,"It’s an FFA in the chat, anything goes!","It ’ s an FFA in the chat , anything goes !",O O O O B-SLANG O O O O O O O
FICCL,"You can complain all you want, FICCL.","You can complain all you want , FICCL .",O O O O O O O B-SLANG O
FIF,"Just made the best joke, FIF!","Just made the best joke , FIF !",O O O O O O B-SLANG O
FIIK,How does this work? FIIK!,How does this work ? FIIK !,O O O O O B-SLANG O
FIIOOH,"This meeting is going nowhere, FIIOOH.","This meeting is going nowhere , FIIOOH .",O O O O O O B-SLANG O
FIL,My FIL is visiting this weekend.,My FIL is visiting this weekend .,O B-SLANG O O O O O
Finsta,"She posted it on her finsta, not her main account.","She posted it on her finsta , not her main account .",O O O O O B-SLANG O O O O O O
FISH,"Been working all day, FISH.","Been working all day , FISH .",O O O O O B-SLANG O
FITB,"The answer is easy, just FITB.","The answer is easy , just FITB .",O O O O O O B-SLANG O
FML,"Spilled coffee all over my laptop, FML.","Spilled coffee all over my laptop , FML .",O O O O O O O B-SLANG O
FOMC,That joke had me FOMC!,That joke had me FOMC !,O O O O B-SLANG O
FOAD,"He really made me mad, I just wanted to tell him FOAD.","He really made me mad , I just wanted to tell him FOAD .",O O O O O O O O O O O O B-SLANG O
FOAF,I heard about the party from a FOAF.,I heard about the party from a FOAF .,O O O O O O O B-SLANG O
FOMCL,That prank had me FOMCL!,That prank had me FOMCL !,O O O O B-SLANG O
FRT,"That test was tough, FRT.","That test was tough , FRT .",O O O O O B-SLANG O
FTBOMH,"Thank you, FTBOMH, for everything you’ve done.","Thank you , FTBOMH , for everything you ’ ve done .",O O O B-SLANG O O O O O O O O
FTFY,"You said the movie was bad, but I FTFY—it’s great!","You said the movie was bad , but I FTFY — it ’ s great !",O O O O O O O O O B-SLANG O O O O O O
FTL,"We missed the bus, FTL!","We missed the bus , FTL !",O O O O O B-SLANG O
FTW,"Got the last slice of pizza, FTW!","Got the last slice of pizza , FTW !",O O O O O O O B-SLANG O
FU,"You messed up my plans, FU!","You messed up my plans , FU !",O O O O O O B-SLANG O
FUBAR,That project is completely FUBAR now.,That project is completely FUBAR now .,O O O O B-SLANG O O
FUBB,This project is completely FUBB.,This project is completely FUBB .,O O O O B-SLANG O
FUD,Let’s FUD and see who wins.,Let ’ s FUD and see who wins .,O O O B-SLANG O O O O O
FUTAB,"I’m exhausted, time to FUTAB.","I ’ m exhausted , time to FUTAB .",O O O O O O O B-SLANG O
FW,I’ll FW you the email.,I ’ ll FW you the email .,O O O B-SLANG O O O O
FWB,"They’re not dating, just FWB.","They ’ re not dating , just FWB .",O O O O O O O B-SLANG O
FWM,"If you want to stay in tonight, FWM.","If you want to stay in tonight , FWM .",O O O O O O O O B-SLANG O
FWP,"My phone’s battery died, FWP.","My phone ’ s battery died , FWP .",O O O O O O O B-SLANG O
FYE,That new song is FYE!,That new song is FYE !,O O O O B-SLANG O
FYEO,This document is FYEO.,This document is FYEO .,O O O B-SLANG O
FYA,"Here’s a funny meme, FYA!","Here ’ s a funny meme , FYA !",O O O O O O O B-SLANG O
G,That joke made me G.,That joke made me G .,O O O O B-SLANG O
G+,I added you on G+.,I added you on G + .,O O O O B-SLANG I-SLANG O
G/F,My G/F is meeting me after work.,My G / F is meeting me after work .,O B-SLANG O I-SLANG O O O O O O
G2CU,"It’s been so long, G2CU!","It ’ s been so long , G2CU !",O O O O O O O B-SLANG O
G2GICYAL8ER,"Can’t stay long, G2GICYAL8ER!","Can ’ t stay long , G2GICYAL8ER !",O O O O O O B-SLANG O
G2R,"Sorry, G2R! I’ll text you later.","Sorry , G2R ! I ’ ll text you later .",O O B-SLANG O O O O O O O O
G2TU,"G2TU, I passed the exam!","G2TU , I passed the exam !",B-SLANG O O O O O O
G4C,"I’m G4C, want to join?","I ’ m G4C , want to join ?",O O O B-SLANG O O O O O
GA,"If you’re ready, GA with the presentation.","If you ’ re ready , GA with the presentation .",O O O O O O B-SLANG O O O O
GAC,"You’re completely wrong, GAC.","You ’ re completely wrong , GAC .",O O O O O O B-SLANG O
GAFC,"Before you criticize, GAFC!","Before you criticize , GAFC !",O O O O B-SLANG O
GANK,I got ganked while questing.,I got ganked while questing .,O O B-SLANG O O O
GAS,"Hey, GAS? I need some help.","Hey , GAS ? I need some help .",O O B-SLANG O O O O O O
GB,"I’ve got to head out, GB!","I ’ ve got to head out , GB !",O O O O O O O O B-SLANG O
GBTW,"Break’s over, time to GBTW.","Break ’ s over , time to GBTW .",O O O O O O O B-SLANG O
GBU,"Thanks for your help, GBU.","Thanks for your help , GBU .",O O O O O B-SLANG O
GD,That meal was really GD!,That meal was really GD !,O O O O B-SLANG O
GDR,"Just teasing, GDR!","Just teasing , GDR !",O O O B-SLANG O
GD/R,"That was a bold statement, GD/R!","That was a bold statement , GD / R !",O O O O O O B-SLANG O I-SLANG O
GFI,"If you think it’s a good idea, GFI!","If you think it ’ s a good idea , GFI !",O O O O O O O O O O B-SLANG O
GF,I’m going out with my GF tonight.,I ’ m going out with my GF tonight .,O O O O O O O B-SLANG O O
GFN,"He’s GFN, but he’ll be back soon.","He ’ s GFN , but he ’ ll be back soon .",O O O B-SLANG O O O O O O O O O
GGA,"Thanks for playing, GGA!","Thanks for playing , GGA !",O O O O B-SLANG O
GGE1,"That was fun, GGE1!","That was fun , GGE1 !",O O O O B-SLANG O
GGU2,"GGU2, that was close!","GGU2 , that was close !",B-SLANG O O O O O
GGMSOT,"That dessert looks amazing, GGMSOT!","That dessert looks amazing , GGMSOT !",O O O O O B-SLANG O
GGOH,"This party is getting boring, GGOH.","This party is getting boring , GGOH .",O O O O O O B-SLANG O
GGP,"BRB, GGP!","BRB , GGP !",O O B-SLANG O
GH,"That was a GH, I thought I had you beat.","That was a GH , I thought I had you beat .",O O O B-SLANG O O O O O O O O
GIAR,"You’ve been complaining all day, GIAR!","You ’ ve been complaining all day , GIAR !",O O O O O O O O B-SLANG O
GIC,I left a GIC for the baby shower.,I left a GIC for the baby shower .,O O O B-SLANG O O O O O
GIGO,"If the data is wrong, the results will be too—GIGO.","If the data is wrong , the results will be too — GIGO .",O O O O O O O O O O O O B-SLANG O
GIRL,"That character looks like a girl, but he’s actually a GIRL.","That character looks like a girl , but he ’ s actually a GIRL .",O O O O O B-SLANG O O O O O O O B-SLANG O
GJ,"You completed the task, GJ!","You completed the task , GJ !",O O O O O B-SLANG O
GL,GL on your test tomorrow!,GL on your test tomorrow !,B-SLANG O O O O O
GL2U,GL2U in the competition!,GL2U in the competition !,B-SLANG O O O O
GLA,"GLA in the tournament, everyone!","GLA in the tournament , everyone !",B-SLANG O O O O O O
GL/HF,GL/HF before the match!,GL / HF before the match !,B-SLANG O I-SLANG O O O O
GLE,"GLE, let’s make this a great event!","GLE , let ’ s make this a great event !",B-SLANG O O O O O O O O O O
GLE1,"It’s a big day, GLE1!","It ’ s a big day , GLE1 !",O O O O O O O B-SLANG O
GLNG,"Tough match, GLNG!","Tough match , GLNG !",O O O B-SLANG O
GMBA,That joke had me GMBA!,That joke had me GMBA !,O O O O B-SLANG O
GMV,Your idea GMV for sure.,Your idea GMV for sure .,O O B-SLANG O O O
GNA,"It’s been fun, GNA everyone!","It ’ s been fun , GNA everyone !",O O O O O O B-SLANG O O
GNE1,"GNE1, sleep well!","GNE1 , sleep well !",B-SLANG O O O O
GNIGHT,"I’m logging off, GNIGHT!","I ’ m logging off , GNIGHT !",O O O O O O B-SLANG O
GNITE,"Time to sleep, GNITE!","Time to sleep , GNITE !",O O O O B-SLANG O
GNSD,"GNSD, talk to you tomorrow!","GNSD , talk to you tomorrow !",B-SLANG O O O O O O
GOAT,That player is the GOAT of basketball!,That player is the GOAT of basketball !,O O O O B-SLANG O O O
GOI,"It happened a week ago, GOI already.","It happened a week ago , GOI already .",O O O O O O B-SLANG O O
GOL,"That was hilarious, GOL!","That was hilarious , GOL !",O O O O B-SLANG O
GOMB,"I’ve already done it, GOMB!","I ’ ve already done it , GOMB !",O O O O O O O B-SLANG O
GPOY,"Here’s my beach selfie, GPOY!","Here ’ s my beach selfie , GPOY !",O O O O O O O B-SLANG O
GRATZ,"You got the promotion, GRATZ!","You got the promotion , GRATZ !",O O O O O B-SLANG O
GRL,She’s a GRL I met online.,She ’ s a GRL I met online .,O O O O B-SLANG O O O O
GRWG,You need to GRWG after that mistake.,You need to GRWG after that mistake .,O O O B-SLANG O O O O
GR&D,"I know you’re mad, but GR&D!","I know you ’ re mad , but GR & D !",O O O O O O O O B-SLANG O I-SLANG O
GS,"Nice play, GS!","Nice play , GS !",O O O B-SLANG O
GT,"We didn’t win, but GT!","We didn ’ t win , but GT !",O O O O O O O B-SLANG O
GTFO,"That’s ridiculous, GTFO!","That ’ s ridiculous , GTFO !",O O O O O B-SLANG O
GTFOH,You really believe that? GTFOH!,You really believe that ? GTFOH !,O O O O O B-SLANG O
GTG,"I’m late for my meeting, GTG.","I ’ m late for my meeting , GTG .",O O O O O O O O B-SLANG O
GTM,That comment had me GTM.,That comment had me GTM .,O O O O B-SLANG O
GTRM,"Be right back, GTRM.","Be right back , GTRM .",O O O O B-SLANG O
GTSY,"It’s been a while, GTSY!","It ’ s been a while , GTSY !",O O O O O O O B-SLANG O
GUD,That meal was GUD!,That meal was GUD !,O O O B-SLANG O
GWHTLC,"Thanks for clearing that up, GWHTLC.","Thanks for clearing that up , GWHTLC .",O O O O O O B-SLANG O
H,Sending you a big H!,Sending you a big H !,O O O O B-SLANG O
H8,I H8 waking up early.,I H8 waking up early .,O B-SLANG O O O O
H8TTU,You have to work late? H8TTU.,You have to work late ? H8TTU .,O O O O O O B-SLANG O
HAG1,"Talk to you later, HAG1!","Talk to you later , HAG1 !",O O O O O B-SLANG O
HAK,Sending lots of HAK to you!,Sending lots of HAK to you !,O O O B-SLANG O O O
HALP,"I can’t figure this out, HALP!","I can ’ t figure this out , HALP !",O O O O O O O O B-SLANG O
HAU,"I’m doing fine, HAU?","I ’ m doing fine , HAU ?",O O O O O O B-SLANG O
H&K,"Miss you, H&K!","Miss you , H & K !",O O O B-SLANG O I-SLANG O
H2CUS,"I had a great time today, H2CUS!","I had a great time today , H2CUS !",O O O O O O O B-SLANG O
HAGN,"It’s getting late, HAGN!","It ’ s getting late , HAGN !",O O O O O O B-SLANG O
HAGO,"Talk to you tomorrow, HAGO!","Talk to you tomorrow , HAGO !",O O O O O B-SLANG O
HAND,"Thanks for your help, HAND!","Thanks for your help , HAND !",O O O O O B-SLANG O
HAWT,Take care and HAWT!,Take care and HAWT !,O O O B-SLANG O
HB,"I’ll be waiting, HB!","I ’ ll be waiting , HB !",O O O O O O B-SLANG O
HBD,HBD! Hope you have a great day!,HBD ! Hope you have a great day !,B-SLANG O O O O O O O O
H-BDAY,"Wishing you all the best, H-BDAY!","Wishing you all the best , H - BDAY !",O O O O O O B-SLANG O I-SLANG O
HBU,"I’m doing fine, HBU?","I ’ m doing fine , HBU ?",O O O O O O B-SLANG O
HF,Going to the concert tonight? HF!,Going to the concert tonight ? HF !,O O O O O O B-SLANG O
HFAC,"You got the job? HFAC, that’s amazing!","You got the job ? HFAC , that ’ s amazing !",O O O O O B-SLANG O O O O O O
H-FDAY,"Sending love to all the dads, H-FDAY!","Sending love to all the dads , H - FDAY !",O O O O O O O B-SLANG O I-SLANG O
HHIS,"I forgot to reply to your message, HHIS.","I forgot to reply to your message , HHIS .",O O O O O O O O B-SLANG O
HIFW,HIFW I found out we had a surprise test!,HIFW I found out we had a surprise test !,B-SLANG O O O O O O O O O
HL,I’ve been playing HL all day.,I ’ ve been playing HL all day .,O O O O O B-SLANG O O O
HLA,HLA! How’s it going?,HLA ! How ’ s it going ?,B-SLANG O O O O O O O
H-MDAY,Wishing all the moms out there an H-MDAY!,Wishing all the moms out there an H - MDAY !,O O O O O O O B-SLANG O I-SLANG O
HMU,"I’ll be free later, HMU if you want to hang out.","I ’ ll be free later , HMU if you want to hang out .",O O O O O O O B-SLANG O O O O O O O
HNL,This party is on a HNL!,This party is on a HNL !,O O O O O B-SLANG O
HOAS,"HOAS, I’ll check the schedule.","HOAS , I ’ ll check the schedule .",B-SLANG O O O O O O O O
HP,"I need to heal, my HP is low.","I need to heal , my HP is low .",O O O O O O B-SLANG O O O
HRU,"Hey, HRU? Haven’t heard from you in a while.","Hey , HRU ? Haven ’ t heard from you in a while .",O O B-SLANG O O O O O O O O O O O
HTH,"Here’s the link to the article, HTH!","Here ’ s the link to the article , HTH !",O O O O O O O O O B-SLANG O
HUB,"He has no clue what he’s doing, his HUB is so far up!","He has no clue what he ’ s doing , his HUB is so far up !",O O O O O O O O O O O B-SLANG O O O O O
HUYA,"Stop messing around, get your HUYA and focus!","Stop messing around , get your HUYA and focus !",O O O O O O B-SLANG O O O
HV,I’ll HV it done by tomorrow.,I ’ ll HV it done by tomorrow .,O O O B-SLANG O O O O O
HVH,"We’re running HVH tonight, want to join?","We ’ re running HVH tonight , want to join ?",O O O O B-SLANG O O O O O O
HW,"I can’t come out tonight, I’ve got too much HW.","I can ’ t come out tonight , I ’ ve got too much HW .",O O O O O O O O O O O O O O B-SLANG O
HYFR,Did you see that game? HYFR!,Did you see that game ? HYFR !,O O O O O O B-SLANG O
I2,I2 was thinking the same thing!,I2 was thinking the same thing !,B-SLANG O O O O O O
IA8,"Thanks for the invite, but IA8.","Thanks for the invite , but IA8 .",O O O O O O B-SLANG O
IAAA,"You need tax advice? IAAA, I can help.","You need tax advice ? IAAA , I can help .",O O O O O B-SLANG O O O O O
IAAD,"IAAD, let me know if you need any medical advice.","IAAD , let me know if you need any medical advice .",B-SLANG O O O O O O O O O O O
IAAL,"Need legal advice? IAAL, happy to help.","Need legal advice ? IAAL , happy to help .",O O O O B-SLANG O O O O O
IAC,"I don’t have the answer right now, but IAC, we should follow up tomorrow.","I don ’ t have the answer right now , but IAC , we should follow up tomorrow .",O O O O O O O O O O O B-SLANG O O O O O O O
IAE,"IAE, we should still be prepared.","IAE , we should still be prepared .",B-SLANG O O O O O O O
IANAC,"Trust me, IANAC!","Trust me , IANAC !",O O O B-SLANG O
IANAL,"I don’t know the law on this, IANAL.","I don ’ t know the law on this , IANAL .",O O O O O O O O O O B-SLANG O
IAO,"This discussion is going nowhere, IAO.","This discussion is going nowhere , IAO .",O O O O O O B-SLANG O
IB,Missed anything while I was gone? IB!,Missed anything while I was gone ? IB !,O O O O O O O B-SLANG O
ICAM,"That’s exactly how I feel, ICAM!","That ’ s exactly how I feel , ICAM !",O O O O O O O O B-SLANG O
ICBW,"It’s not great, but ICBW.","It ’ s not great , but ICBW .",O O O O O O O B-SLANG O
ICEDI,"The meeting was a disaster, ICEDI.","The meeting was a disaster , ICEDI .",O O O O O O B-SLANG O
ICFILWU,"You’re amazing, ICFILWU!","You ’ re amazing , ICFILWU !",O O O O O B-SLANG O
ICYMI,"ICYMI, the new season starts next week.","ICYMI , the new season starts next week .",B-SLANG O O O O O O O O
IDBI,You won the lottery? IDBI!,You won the lottery ? IDBI !,O O O O O B-SLANG O
IDGAF,"Say what you want, IDGAF.","Say what you want , IDGAF .",O O O O O B-SLANG O
IDK,"IDK where he went, maybe check upstairs.","IDK where he went , maybe check upstairs .",B-SLANG O O O O O O O O
IDTS,Will it rain today? IDTS.,Will it rain today ? IDTS .,O O O O O B-SLANG O
IDUNNO,IDUNNO what happened to my keys.,IDUNNO what happened to my keys .,B-SLANG O O O O O O
IG,Follow me on IG for updates!,Follow me on IG for updates !,O O O B-SLANG O O O
IG2R,"Sorry, IG2R, I’m late for a meeting.","Sorry , IG2R , I ’ m late for a meeting .",O O B-SLANG O O O O O O O O O
IGHT,"I’m feeling relaxed, IGHT.","I ’ m feeling relaxed , IGHT .",O O O O O O B-SLANG O
IGN,"What’s your plan? IGN, honestly.","What ’ s your plan ? IGN , honestly .",O O O O O O B-SLANG O O O
IGP,"Hold on, IGP real quick.","Hold on , IGP real quick .",O O O B-SLANG O O O
IHNI,IHNI where that came from.,IHNI where that came from .,B-SLANG O O O O O
IIRC,"IIRC, the meeting is at 2 PM.","IIRC , the meeting is at 2 PM .",B-SLANG O O O O O O O O
IIIO,"He’s great with computers, but IIIO sometimes!","He ’ s great with computers , but IIIO sometimes !",O O O O O O O O B-SLANG O O
IK,"IK, that movie was amazing!","IK , that movie was amazing !",B-SLANG O O O O O O
IKR,"That new cafe is so good, IKR?","That new cafe is so good , IKR ?",O O O O O O O B-SLANG O
ILBL8,"ILBL8, traffic is terrible.","ILBL8 , traffic is terrible .",B-SLANG O O O O O
ILUM,"Thanks for everything, ILUM!","Thanks for everything , ILUM !",O O O O B-SLANG O
ILYSM,"ILYSM, you’re the best!","ILYSM , you ’ re the best !",B-SLANG O O O O O O O
IM,Just IM me when you’re ready.,Just IM me when you ’ re ready .,O B-SLANG O O O O O O O
IMAO,"IMAO, that movie was overrated.","IMAO , that movie was overrated .",B-SLANG O O O O O O
ImL,"I got your message, ImL!","I got your message , ImL !",O O O O O B-SLANG O
IMNSHO,"IMNSHO, we should have left earlier.","IMNSHO , we should have left earlier .",B-SLANG O O O O O O O
IMS,"IMS, I didn’t mean to offend you.","IMS , I didn ’ t mean to offend you .",B-SLANG O O O O O O O O O O
IMSB,"There’s nothing to do, IMSB.","There ’ s nothing to do , IMSB .",O O O O O O O B-SLANG O
IMTM,"I finished all my tasks early, IMTM!","I finished all my tasks early , IMTM !",O O O O O O O B-SLANG O
INAL,"INAL, but I think you should get legal advice.","INAL , but I think you should get legal advice .",B-SLANG O O O O O O O O O O
INC,"Heads up, INC message!","Heads up , INC message !",O O O B-SLANG O O
Inspoo,Looking at art galleries for some inspoo.,Looking at art galleries for some inspoo .,O O O O O O B-SLANG O
INV,Send me an INV to the game.,Send me an INV to the game .,O O O B-SLANG O O O O
IOMH,"I took on too many projects, IOMH.","I took on too many projects , IOMH .",O O O O O O O B-SLANG O
IRMC,"That’s exactly what I was saying, IRMC!","That ’ s exactly what I was saying , IRMC !",O O O O O O O O O B-SLANG O
ISLY,"We had a fight, but ISLY.","We had a fight , but ISLY .",O O O O O O B-SLANG O
ISO,"ISO a new job, any leads?","ISO a new job , any leads ?",B-SLANG O O O O O O O
ITAM,Why is this so complicated? ITAM!,Why is this so complicated ? ITAM !,O O O O O O B-SLANG O
ITT,ITT: People share their favorite books.,ITT : People share their favorite books .,B-SLANG O O O O O O O
ITYK,ITYK that the meeting was rescheduled.,ITYK that the meeting was rescheduled .,B-SLANG O O O O O O
IUSS,"I’m not sure, but IUSS.","I ’ m not sure , but IUSS .",O O O O O O O B-SLANG O
IWALU,"No matter what happens, IWALU.","No matter what happens , IWALU .",O O O O O B-SLANG O
IWAWO,"This job is too stressful, IWAWO.","This job is too stressful , IWAWO .",O O O O O O B-SLANG O
IWIAM,"That decision was ridiculous, he’s an IWIAM.","That decision was ridiculous , he ’ s an IWIAM .",O O O O O O O O O B-SLANG O
IWSN,"She texted me, IWSN!","She texted me , IWSN !",O O O O B-SLANG O
IYKWIM,"That conversation got a little awkward, IYKWIM.","That conversation got a little awkward , IYKWIM .",O O O O O O O B-SLANG O
IYO,"IYO, what’s the best way to learn coding?","IYO , what ’ s the best way to learn coding ?",B-SLANG O O O O O O O O O O O
IYQ,"IYQ, you’re always so thoughtful.","IYQ , you ’ re always so thoughtful .",B-SLANG O O O O O O O O
IYSS,"I don’t think it’s going to work, but IYSS.","I don ’ t think it ’ s going to work , but IYSS .",O O O O O O O O O O O O O B-SLANG O
j00,What are j00 up to today?,What are j00 up to today ?,O O B-SLANG O O O O
j00r,Is that j00r car outside?,Is that j00r car outside ?,O O B-SLANG O O O
JAC,"JAC, I’ll be right back.","JAC , I ’ ll be right back .",B-SLANG O O O O O O O O
JAM,"Hold on, JAM while I finish this.","Hold on , JAM while I finish this .",O O O B-SLANG O O O O O
JAS,"JAS, let me grab my phone.","JAS , let me grab my phone .",B-SLANG O O O O O O O
JC (J/C),"JC, did you send that email?","JC , did you send that email ?",B-SLANG O O O O O O O
JDI,"You’ve been hesitating too long, JDI!","You ’ ve been hesitating too long , JDI !",O O O O O O O O B-SLANG O
JELLY,You went to the concert? I’m so JELLY!,You went to the concert ? I ’ m so JELLY !,O O O O O O O O O O B-SLANG O
JFF,"I took the quiz JFF, it’s not serious.","I took the quiz JFF , it ’ s not serious .",O O O O B-SLANG O O O O O O O
JFGI,"I don’t know the answer, JFGI!","I don ’ t know the answer , JFGI !",O O O O O O O O B-SLANG O
JIC,"Take an umbrella, JIC it rains.","Take an umbrella , JIC it rains .",O O O O B-SLANG O O O
JJ (J/J),"I didn’t mean it, JJ!","I didn ’ t mean it , JJ !",O O O O O O O B-SLANG O
JJA,"Don’t take it seriously, I’m JJA.","Don ’ t take it seriously , I ’ m JJA .",O O O O O O O O O O B-SLANG O
JK (J/K),I’m moving to Mars… JK!,I ’ m moving to Mars … JK !,O O O O O O O B-SLANG O
JLMK,"If you’re free tomorrow, JLMK.","If you ’ re free tomorrow , JLMK .",O O O O O O O B-SLANG O
JMO,"JMO, but I think the first movie was better.","JMO , but I think the first movie was better .",B-SLANG O O O O O O O O O O
JP,"I wasn’t being serious, JP!","I wasn ’ t being serious , JP !",O O O O O O O B-SLANG O
JT (J/T),"Don’t get mad, I’m JT!","Don ’ t get mad , I ’ m JT !",O O O O O O O O O B-SLANG O
JTLYK,"JTLYK, the meeting’s been moved to 3 PM.","JTLYK , the meeting ’ s been moved to 3 PM .",B-SLANG O O O O O O O O O O O
JV,We’re starting a JV with another company.,We ’ re starting a JV with another company .,O O O O O B-SLANG O O O O
JW,JW if you were still planning to come tonight?,JW if you were still planning to come tonight ?,B-SLANG O O O O O O O O O
K,"I’ll see you later, K?","I ’ ll see you later , K ?",O O O O O O O B-SLANG O
KK,"KK, anyone home?","KK , anyone home ?",B-SLANG O O O O
K8T,K8T is coming to the party tonight.,K8T is coming to the party tonight .,B-SLANG O O O O O O O
k/b,"I need a new k/b, mine is broken.","I need a new k / b , mine is broken .",O O O O B-SLANG O I-SLANG O O O O O
KB,My KB stopped working.,My KB stopped working .,O B-SLANG O O O
KDFU,That joke had me KDFU!,That joke had me KDFU !,O O O O B-SLANG O
KEWL,That new game is KEWL!,That new game is KEWL !,O O O O B-SLANG O
KEYA,"I’m busy now, but KEYA when I’m free.","I ’ m busy now , but KEYA when I ’ m free .",O O O O O O O B-SLANG O O O O O O
KEYME,KEYME once you arrive at the hotel.,KEYME once you arrive at the hotel .,B-SLANG O O O O O O O
KFY,Goodnight! KFY!,Goodnight ! KFY !,O O B-SLANG O
KIA,"He’s such a KIA, always correcting people.","He ’ s such a KIA , always correcting people .",O O O O O B-SLANG O O O O O
KIR,"No matter what happens, just KIR.","No matter what happens , just KIR .",O O O O O O B-SLANG O
KIT,"It was great seeing you, KIT!","It was great seeing you , KIT !",O O O O O O B-SLANG O
KMA,"If they don’t like it, they can KMA.","If they don ’ t like it , they can KMA .",O O O O O O O O O O B-SLANG O
KMK,Don’t like my opinion? KMK!,Don ’ t like my opinion ? KMK !,O O O O O O O B-SLANG O
KMS,"I have so much homework, KMS.","I have so much homework , KMS .",O O O O O O B-SLANG O
KMT,"You don’t agree? Well, KMT.","You don ’ t agree ? Well , KMT .",O O O O O O O O B-SLANG O
KOC,I gave her a KOC when we said goodbye.,I gave her a KOC when we said goodbye .,O O O O B-SLANG O O O O O
KOL,He’s a KOL in the tech industry.,He ’ s a KOL in the tech industry .,O O O O B-SLANG O O O O O
Koreaboo,"She’s a total Koreaboo, always watching K-dramas.","She ’ s a total Koreaboo , always watching K - dramas .",O O O O O B-SLANG O O O O O O O
KOS,"KOS right now, I’ll text you later.","KOS right now , I ’ ll text you later .",B-SLANG O O O O O O O O O O
KOW,"I haven’t been sick all year, KOW!","I haven ’ t been sick all year , KOW !",O O O O O O O O O B-SLANG O
KOTC,We said goodbye with a KOTC.,We said goodbye with a KOTC .,O O O O O B-SLANG O
KOTD,"Check out my new sneakers, KOTD!","Check out my new sneakers , KOTD !",O O O O O O B-SLANG O
KOTL,We had our first KOTL last night.,We had our first KOTL last night .,O O O O B-SLANG O O O
KNIM,"It’s been a tough day, KNIM?","It ’ s been a tough day , KNIM ?",O O O O O O O O B-SLANG O
KNOW,He’s got a lot of KNOW about computers.,He ’ s got a lot of KNOW about computers .,O O O O O O O B-SLANG O O O
KPC,"We stayed out late, KPC!","We stayed out late , KPC !",O O O O O B-SLANG O
KS,That player just KS’d me in the game!,That player just KS ’ d me in the game !,O O O B-SLANG O O O O O O O
KSC,"That joke was funny, KSC.","That joke was funny , KSC .",O O O O O B-SLANG O
KT,I’m hanging out with KT tonight.,I ’ m hanging out with KT tonight .,O O O O O O B-SLANG O O
KUTGW,"Your presentation was awesome, KUTGW!","Your presentation was awesome , KUTGW !",O O O O O B-SLANG O
KYS,"That was such a bad move, KYS!","That was such a bad move , KYS !",O O O O O O O B-SLANG O
L2G,L2G for a coffee?,L2G for a coffee ?,B-SLANG O O O O
L2K,"We’re heading out to dinner, L2K?","We ’ re heading out to dinner , L2K ?",O O O O O O O O B-SLANG O
L2P,"You keep dying early, L2P!","You keep dying early , L2P !",O O O O O B-SLANG O
l33t,His coding skills are so l33t.,His coding skills are so l33t .,O O O O O B-SLANG O
L4L,Follow me for a L4L!,Follow me for a L4L !,O O O O B-SLANG O
L8RG8R,"Gotta run, L8RG8R!","Gotta run , L8RG8R !",O O O B-SLANG O
LAB,"This week has been so stressful, LAB.","This week has been so stressful , LAB .",O O O O O O O B-SLANG O
LBAY,"That was a good one, LBAY!","That was a good one , LBAY !",O O O O O O B-SLANG O
LBS,"You need to stop doing that, LBS.","You need to stop doing that , LBS .",O O O O O O O B-SLANG O
LBVS,"I’m laughing, but LBVS, you need to fix that.","I ’ m laughing , but LBVS , you need to fix that .",O O O O O O B-SLANG O O O O O O O
LD,"It’s been fun, LD!","It ’ s been fun , LD !",O O O O O O B-SLANG O
LDO,"We’re going to the concert, LDO!","We ’ re going to the concert , LDO !",O O O O O O O O B-SLANG O
LEMENO,LEMENO if you’re free this weekend.,LEMENO if you ’ re free this weekend .,B-SLANG O O O O O O O O
LERK,"I’ll be LERK for a bit, need to grab lunch.","I ’ ll be LERK for a bit , need to grab lunch .",O O O O B-SLANG O O O O O O O O O
LFD,"The boss has LFD, we’ll continue tomorrow.","The boss has LFD , we ’ ll continue tomorrow .",O O O B-SLANG O O O O O O O
LFG,I’m LFG for tonight’s raid.,I ’ m LFG for tonight ’ s raid .,O O O B-SLANG O O O O O O
LFM,"We need more players for the dungeon, LFM.","We need more players for the dungeon , LFM .",O O O O O O O O B-SLANG O
LGH,"It’s Friday night, LGH.","It ’ s Friday night , LGH .",O O O O O O B-SLANG O
LH6,"We’ve been flirting all night, LH6?","We ’ ve been flirting all night , LH6 ?",O O O O O O O O B-SLANG O
LHSX,She texted me LHSX after the party.,She texted me LHSX after the party .,O O O B-SLANG O O O O
LHM,"This project is driving me crazy, LHM.","This project is driving me crazy , LHM .",O O O O O O O B-SLANG O
LHO,That story had me LHO!,That story had me LHO !,O O O O B-SLANG O
LI,I just updated my LI profile.,I just updated my LI profile .,O O O O B-SLANG O O
LIC,You don’t like my opinion? LIC!,You don ’ t like my opinion ? LIC !,O O O O O O O O B-SLANG O
LIK,We need some LIK for the party.,We need some LIK for the party .,O O O B-SLANG O O O O
LIMT,"That joke was so cute, LIMT!","That joke was so cute , LIMT !",O O O O O O B-SLANG O
LLGB,"I’ve got to go now, LLGB.","I ’ ve got to go now , LLGB .",O O O O O O O O B-SLANG O
LLS,That meme had me LLS!,That meme had me LLS !,O O O O B-SLANG O
LMBO,"I couldn’t stop laughing, LMBO!","I couldn ’ t stop laughing , LMBO !",O O O O O O O B-SLANG O
LMFAO,That prank had me LMFAO!,That prank had me LMFAO !,O O O O B-SLANG O
LMIRL,"We’ve been chatting for weeks, LMIRL sometime?","We ’ ve been chatting for weeks , LMIRL sometime ?",O O O O O O O O B-SLANG O O
LMK,LMK if you need help with your project.,LMK if you need help with your project .,B-SLANG O O O O O O O O
LMMFAO,That joke had me LMMFAO!,That joke had me LMMFAO !,O O O O B-SLANG O
LMNK,"I don’t want to get involved, so LMNK.","I don ’ t want to get involved , so LMNK .",O O O O O O O O O O B-SLANG O
LMS,LMS if you’re ready for the weekend!,LMS if you ’ re ready for the weekend !,B-SLANG O O O O O O O O O
LNT,"That joke didn’t make sense, it was LNT.","That joke didn ’ t make sense , it was LNT .",O O O O O O O O O O B-SLANG O
LOA,Here’s an LOA for the project terms.,Here ’ s an LOA for the project terms .,O O O O B-SLANG O O O O O
LOLH,That meme has me LOLH!,That meme has me LOLH !,O O O O B-SLANG O
LOLO,Sending you LOLO from across the miles.,Sending you LOLO from across the miles .,O O B-SLANG O O O O O
LOLWTF,"That situation was so bizarre, I’m LOLWTF!","That situation was so bizarre , I ’ m LOLWTF !",O O O O O O O O O B-SLANG O
LOTI,"That was mildly funny, but I’m just LOTI.","That was mildly funny , but I ’ m just LOTI .",O O O O O O O O O O B-SLANG O
LOTR,I just rewatched LOTR last weekend.,I just rewatched LOTR last weekend .,O O O B-SLANG O O O
LQTM,"That was pretty funny, I’m LQTM over here.","That was pretty funny , I ’ m LQTM over here .",O O O O O O O O B-SLANG O O O
LSHMBH,That stand-up comedian had me LSHMBH!,That stand - up comedian had me LSHMBH !,O O O O O O O B-SLANG O
LSV,This movie is rated for LSV.,This movie is rated for LSV .,O O O O O B-SLANG O
LTD,"I just got a promotion, LTD!","I just got a promotion , LTD !",O O O O O O B-SLANG O
LTLWDLS,"Can’t wait for the party, LTLWDLS!","Can ’ t wait for the party , LTLWDLS !",O O O O O O O O B-SLANG O
LTOD,"My old laptop keeps crashing, it’s an LTOD!","My old laptop keeps crashing , it ’ s an LTOD !",O O O O O O O O O O B-SLANG O
LTS,I read your message and started LTS.,I read your message and started LTS .,O O O O O O B-SLANG O
LULT,"Thanks for always being there, LULT!","Thanks for always being there , LULT !",O O O O O O B-SLANG O
LULZ,I joined the prank for the LULZ.,I joined the prank for the LULZ .,O O O O O O B-SLANG O
LVM,"I LVM, call me back when you can.","I LVM , call me back when you can .",O B-SLANG O O O O O O O O
LWOS,"That was so dry, I’m LWOS over here.","That was so dry , I ’ m LWOS over here .",O O O O O O O O B-SLANG O O O
LY,"Goodnight, LY!","Goodnight , LY !",O O B-SLANG O
LYLAS,"You’re the best, LYLAS!","You ’ re the best , LYLAS !",O O O O O O B-SLANG O
LYLC,"You’re amazing, LYLC!","You ’ re amazing , LYLC !",O O O O O B-SLANG O
LYSM,"I miss you, LYSM!","I miss you , LYSM !",O O O O B-SLANG O
M$,I just installed the latest update from M$.,I just installed the latest update from M $ .,O O O O O O O B-SLANG O O
MB,"He’s always calling his mom for advice, such an MB.","He ’ s always calling his mom for advice , such an MB .",O O O O O O O O O O O O B-SLANG O
MBS,"I can’t talk about that right now, MBS.","I can ’ t talk about that right now , MBS .",O O O O O O O O O O B-SLANG O
MC,Wishing you all a MC and a Happy New Year!,Wishing you all a MC and a Happy New Year !,O O O O B-SLANG O O O O O O
MDIAC,"MDIAC, so I know a lot about law enforcement.","MDIAC , so I know a lot about law enforcement .",B-SLANG O O O O O O O O O O
MEGO,"Whenever they talk about quantum physics, MEGO.","Whenever they talk about quantum physics , MEGO .",O O O O O O O B-SLANG O
MEH,"That movie was MEH, nothing special.","That movie was MEH , nothing special .",O O O B-SLANG O O O O
MEHH,"It’s been a long day, MEHH.","It ’ s been a long day , MEHH .",O O O O O O O O B-SLANG O
MEZ,"That performance was MEZ, I couldn’t look away.","That performance was MEZ , I couldn ’ t look away .",O O O B-SLANG O O O O O O O O
MFI,I’m MFI for the new season of the show!,I ’ m MFI for the new season of the show !,O O O B-SLANG O O O O O O O O
MGB,"Hope everything goes well, MGB.","Hope everything goes well , MGB .",O O O O O B-SLANG O
MGMT,I’ll check with MGMT before making a decision.,I ’ ll check with MGMT before making a decision .,O O O O O B-SLANG O O O O O
MHOTY,"You did an amazing job, MHOTY!","You did an amazing job , MHOTY !",O O O O O O B-SLANG O
MIRL,"This meme is so relatable, it’s MIRL.","This meme is so relatable , it ’ s MIRL .",O O O O O O O O O B-SLANG O
MISS.3,"I’m with MISS.3, we’re going to the park.","I ’ m with MISS . 3 , we ’ re going to the park .",O O O O B-SLANG I-SLANG I-SLANG O O O O O O O O O
MKAY,"That’s your plan? MKAY, sounds good.","That ’ s your plan ? MKAY , sounds good .",O O O O O O B-SLANG O O O O
MLM,"He was being so rude, so I gave him the MLM.","He was being so rude , so I gave him the MLM .",O O O O O O O O O O O B-SLANG O
MM,Hanging out with my MM this weekend.,Hanging out with my MM this weekend .,O O O O B-SLANG O O O
MMK,You’re coming over later? MMK?,You ’ re coming over later ? MMK ?,O O O O O O O B-SLANG O
MNC,"Sorry, MNC—I’ll be right back.","Sorry , MNC — I ’ ll be right back .",O O B-SLANG O O O O O O O O
MNSG,"I just received an MNSG, can you help translate?","I just received an MNSG , can you help translate ?",O O O O B-SLANG O O O O O O
MOD,The MOD had to step in and calm things down.,The MOD had to step in and calm things down .,O B-SLANG O O O O O O O O O
MORF,You didn’t mention—MORF?,You didn ’ t mention — MORF ?,O O O O O O B-SLANG O
MOMBOY,"He’s such a MOMBOY, always calling his mom for advice.","He ’ s such a MOMBOY , always calling his mom for advice .",O O O O O B-SLANG O O O O O O O O
MOO,"In MOO, that’s not the best approach.","In MOO , that ’ s not the best approach .",O B-SLANG O O O O O O O O O
MOOS,Are you bringing a MOOS to the party?,Are you bringing a MOOS to the party ?,O O O O B-SLANG O O O O
MOS,"Can’t talk about that right now, MOS.","Can ’ t talk about that right now , MOS .",O O O O O O O O O B-SLANG O
MOSS,We’ve got a MOSS joining our team.,We ’ ve got a MOSS joining our team .,O O O O O B-SLANG O O O O
MP,"I’m out of MP, need to recharge.","I ’ m out of MP , need to recharge .",O O O O O B-SLANG O O O O O
MR.3,Spending the afternoon with MR.3 at the park.,Spending the afternoon with MR . 3 at the park .,O O O O B-SLANG I-SLANG I-SLANG O O O O
MRT,I made an MRT of that tweet with my own comment.,I made an MRT of that tweet with my own comment .,O O O B-SLANG O O O O O O O O
MSG,I’ll send you an MSG later with the details.,I ’ ll send you an MSG later with the details .,O O O O O O B-SLANG O O O O O
MTF,"I’ll send the first draft now, MTF on updates.","I ’ ll send the first draft now , MTF on updates .",O O O O O O O O O B-SLANG O O O
MTFBWU,Good luck on your test! MTFBWU!,Good luck on your test ! MTFBWU !,O O O O O O B-SLANG O
MU,"It’s been so long since we hung out, MU!","It ’ s been so long since we hung out , MU !",O O O O O O O O O O O B-SLANG O
MUAH,I tried making a joke but it was MUAH.,I tried making a joke but it was MUAH .,O O O O O O O O B-SLANG O
MUSM,"Haven’t seen you in ages, MUSM!","Haven ’ t seen you in ages , MUSM !",O O O O O O O O B-SLANG O
MWAH,"Goodnight, MWAH!","Goodnight , MWAH !",O O B-SLANG O
MYO,"That’s personal, MYO!","That ’ s personal , MYO !",O O O O O B-SLANG O
MYOB,"I’ll handle it myself, MYOB.","I ’ ll handle it myself , MYOB .",O O O O O O O B-SLANG O
n00b,"Don’t worry, everyone’s a n00b at first.","Don ’ t worry , everyone ’ s a n00b at first .",O O O O O O O O O B-SLANG O O O
N1,"You really aced that presentation, N1!","You really aced that presentation , N1 !",O O O O O O B-SLANG O
N2M,What’s up with you? N2M over here.,What ’ s up with you ? N2M over here .,O O O O O O O B-SLANG O O O
NADT,What’s new? NADT.,What ’ s new ? NADT .,O O O O O B-SLANG O
NALOPKT,"This plant is rare, NALOPKT!","This plant is rare , NALOPKT !",O O O O O B-SLANG O
NANA,"I was going to call, but NANA—it’s handled.","I was going to call , but NANA — it ’ s handled .",O O O O O O O B-SLANG O O O O O O
NBD,"I fixed the problem, NBD.","I fixed the problem , NBD .",O O O O O B-SLANG O
NBFAB,"You’re doing great for your first try, NBFAB!","You ’ re doing great for your first try , NBFAB !",O O O O O O O O O O B-SLANG O
NC,"I love your new place, NC!","I love your new place , NC !",O O O O O O B-SLANG O
ND,"You hit two home runs, ND!","You hit two home runs , ND !",O O O O O O B-SLANG O
NE,Do you have NE idea what time the show starts?,Do you have NE idea what time the show starts ?,O O O B-SLANG O O O O O O O
NE1,Is NE1 coming to the game tonight?,Is NE1 coming to the game tonight ?,O B-SLANG O O O O O O
NERF,They NERFed my favorite character in the game!,They NERFed my favorite character in the game !,O B-SLANG O O O O O O O
NFM,"I’ll pass on dessert, NFM.","I ’ ll pass on dessert , NFM .",O O O O O O O B-SLANG O
NFS,I’m addicted to playing NFS.,I ’ m addicted to playing NFS .,O O O O O O B-SLANG O
NFW,You got tickets to the concert? NFW!,You got tickets to the concert ? NFW !,O O O O O O O B-SLANG O
NFWS,"Be careful with that link, it’s NFWS.","Be careful with that link , it ’ s NFWS .",O O O O O O O O O B-SLANG O
NH,"You played that perfectly, NH!","You played that perfectly , NH !",O O O O O B-SLANG O
NIFOC,"I’m home alone, NIFOC right now.","I ’ m home alone , NIFOC right now .",O O O O O O B-SLANG O O O
NIGI,"Oh, I misunderstood earlier, NIGI now.","Oh , I misunderstood earlier , NIGI now .",O O O O O O B-SLANG O O
NIMBY,"They’re proposing a new building, but it’s a total NIMBY situation.","They ’ re proposing a new building , but it ’ s a total NIMBY situation .",O O O O O O O O O O O O O O B-SLANG O O
NIROK,"BRB, NIROK for a few minutes.","BRB , NIROK for a few minutes .",O O B-SLANG O O O O O
NLT,Please send the report NLT Friday.,Please send the report NLT Friday .,O O O O B-SLANG O O
NM,"What’s up? NM, just hanging out.","What ’ s up ? NM , just hanging out .",O O O O O B-SLANG O O O O O
NMH,"How’s it going? NMH, just relaxing.","How ’ s it going ? NMH , just relaxing .",O O O O O O B-SLANG O O O O
NMJC,What are you up to tonight? NMJC.,What are you up to tonight ? NMJC .,O O O O O O O B-SLANG O
NMU,Hey! What’s going on? NMU?,Hey ! What ’ s going on ? NMU ?,O O O O O O O O B-SLANG O
NO1,I told NO1 about the surprise.,I told NO1 about the surprise .,O O B-SLANG O O O O
NOOB,"That player kept dying, total NOOB.","That player kept dying , total NOOB .",O O O O O O B-SLANG O
NOWL,He’s got some serious NOWL about computers.,He ’ s got some serious NOWL about computers .,O O O O O O B-SLANG O O O
NOYB,What’s going on with you? NOYB!,What ’ s going on with you ? NOYB !,O O O O O O O O B-SLANG O
NP,Thanks for your help! NP!,Thanks for your help ! NP !,O O O O O B-SLANG O
NQT,She’s doing great as an NQT!,She ’ s doing great as an NQT !,O O O O O O O B-SLANG O
NR,"You got double sixes, NR!","You got double sixes , NR !",O O O O O B-SLANG O
NS,"You got 100 points, NS!","You got 100 points , NS !",O O O O O B-SLANG O
NSA,"I’m not looking for anything serious, just NSA.","I ’ m not looking for anything serious , just NSA .",O O O O O O O O O O B-SLANG O
NSFL,"That video is NSFL, don’t watch it!","That video is NSFL , don ’ t watch it !",O O O B-SLANG O O O O O O O
NSFW,"That image is NSFW, don’t open it at the office!","That image is NSFW , don ’ t open it at the office !",O O O B-SLANG O O O O O O O O O O
NSISR,"I think it’s ‘accommodate,’ NSISR.","I think it ’ s ‘ accommodate , ’ NSISR .",O O O O O O O O O B-SLANG O
NT,"You didn’t win, but NT!","You didn ’ t win , but NT !",O O O O O O O B-SLANG O
NTHING,"What’s up? NTHING, just relaxing.","What ’ s up ? NTHING , just relaxing .",O O O O O B-SLANG O O O O
NTS,NTS: Remember to send the email tomorrow.,NTS : Remember to send the email tomorrow .,B-SLANG O O O O O O O O
NVM,"Forget what I said, NVM.","Forget what I said , NVM .",O O O O O B-SLANG O
NVR,I’d NVR do that!,I ’ d NVR do that !,O O O B-SLANG O O O
NW,You won the lottery? NW!,You won the lottery ? NW !,O O O O O B-SLANG O
NWO,This situation feels like there’s NWO.,This situation feels like there ’ s NWO .,O O O O O O O B-SLANG O
O4U,I saved the last slice O4U!,I saved the last slice O4U !,O O O O O B-SLANG O
O,We’re facing a tough O in the next round.,We ’ re facing a tough O in the next round .,O O O O O O B-SLANG O O O O O
OA,I got a great deal through OA.,I got a great deal through OA .,O O O O O O B-SLANG O
OATUS,"OATUS, did you see the game last night?","OATUS , did you see the game last night ?",B-SLANG O O O O O O O O O
OB,"That was an amazing shot, OB!","That was an amazing shot , OB !",O O O O O O B-SLANG O
OBV,"OBV, I was going to say yes!","OBV , I was going to say yes !",B-SLANG O O O O O O O O
OFC,OFC I’ll be there tomorrow.,OFC I ’ ll be there tomorrow .,B-SLANG O O O O O O O
OG,He’s the OG of street style.,He ’ s the OG of street style .,O O O O B-SLANG O O O O
OGIM,"The weekend went by so fast, OGIM.","The weekend went by so fast , OGIM .",O O O O O O O B-SLANG O
OH,OH at the coffee shop: ‘I can’t believe they canceled the meeting!’,OH at the coffee shop : ‘ I can ’ t believe they canceled the meeting ! ’,B-SLANG O O O O O O O O O O O O O O O O O
OHHEMMGEE,"OHHEMMGEE, that’s so cute!","OHHEMMGEE , that ’ s so cute !",B-SLANG O O O O O O O
OI,"I’ll call you back later, OI right now.","I ’ ll call you back later , OI right now .",O O O O O O O O B-SLANG O O O
OIB,"OIB, what did I miss?","OIB , what did I miss ?",B-SLANG O O O O O O
OJ,You’re really mad? OJ!,You ’ re really mad ? OJ !,O O O O O O B-SLANG O
OL,Going to visit my OL this weekend.,Going to visit my OL this weekend .,O O O O B-SLANG O O O
OLL,I met someone through OLL!,I met someone through OLL !,O O O O B-SLANG O
OM,I’m going fishing with my OM this weekend.,I ’ m going fishing with my OM this weekend .,O O O O O O O B-SLANG O O O
OMAA,"After sitting all day, OMAA!","After sitting all day , OMAA !",O O O O O B-SLANG O
OMDB,You want to change my weekend plans? OMDB!,You want to change my weekend plans ? OMDB !,O O O O O O O O B-SLANG O
OMFG,"OMFG, that’s incredible!","OMFG , that ’ s incredible !",B-SLANG O O O O O O
OMG,"OMG, I can’t believe it!","OMG , I can ’ t believe it !",B-SLANG O O O O O O O O
OMGYG2BK,"OMGYG2BK, that’s the best news ever!","OMGYG2BK , that ’ s the best news ever !",B-SLANG O O O O O O O O O
OMGYS,You missed the shot? OMGYS!,You missed the shot ? OMGYS !,O O O O O B-SLANG O
OMS,"OMS, that’s the truth!","OMS , that ’ s the truth !",B-SLANG O O O O O O O
OMW,"Just finished up, OMW now.","Just finished up , OMW now .",O O O O B-SLANG O O
ONL,I’ll be ONL tonight if you want to chat.,I ’ ll be ONL tonight if you want to chat .,O O O O B-SLANG O O O O O O O
OO,"Finished for the day, OO!","Finished for the day , OO !",O O O O O B-SLANG O
OOC,That comment was totally OOC for him.,That comment was totally OOC for him .,O O O O B-SLANG O O O
OOH,"It’s late, I’m OOH!","It ’ s late , I ’ m OOH !",O O O O O O O O B-SLANG O
OOMF,OOMF just liked my tweet.,OOMF just liked my tweet .,B-SLANG O O O O O
OOTD,"OOTD, I’ll finally visit Paris.","OOTD , I ’ ll finally visit Paris .",B-SLANG O O O O O O O O
OOTO,"I’m OOTO until Monday, so I’ll reply then.","I ’ m OOTO until Monday , so I ’ ll reply then .",O O O B-SLANG O O O O O O O O O O
OP,"Can’t talk right now, I’m OP.","Can ’ t talk right now , I ’ m OP .",O O O O O O O O O O B-SLANG O
ORLY,You finished the project already? ORLY?,You finished the project already ? ORLY ?,O O O O O O B-SLANG O
OS,I’m updating my OS tonight.,I ’ m updating my OS tonight .,O O O O O B-SLANG O O
OT,"This might be OT, but did you see the game last night?","This might be OT , but did you see the game last night ?",O O O B-SLANG O O O O O O O O O O
OTB,"It’s late, OTB for me.","It ’ s late , OTB for me .",O O O O O B-SLANG O O O
OTFL,That joke had me OTFL!,That joke had me OTFL !,O O O O B-SLANG O
OTL,"I’m OTL, back in an hour.","I ’ m OTL , back in an hour .",O O O B-SLANG O O O O O O
OTOH,"It’s expensive, but OTOH, it’s a great investment.","It ’ s expensive , but OTOH , it ’ s a great investment .",O O O O O O B-SLANG O O O O O O O O
OTP,"Can’t talk, I’m OTP right now.","Can ’ t talk , I ’ m OTP right now .",O O O O O O O O B-SLANG O O O
OTT,"That party was so OTT, but fun!","That party was so OTT , but fun !",O O O O B-SLANG O O O O
OTTOMH,"OTTOMH, I’d say it’s about five miles.","OTTOMH , I ’ d say it ’ s about five miles .",B-SLANG O O O O O O O O O O O O
OTW,"Got to go, OTW now!","Got to go , OTW now !",O O O O B-SLANG O O
OVA,That match is OVA!,That match is OVA !,O O O B-SLANG O
OYO,"I can’t make it, you’re OYO this time.","I can ’ t make it , you ’ re OYO this time .",O O O O O O O O O O B-SLANG O O O
P,I’m going to dinner with my P tonight.,I ’ m going to dinner with my P tonight .,O O O O O O O O B-SLANG O O
P2P,It’s nice to have a P2P discussion about school events.,It ’ s nice to have a P2P discussion about school events .,O O O O O O O B-SLANG O O O O O
P911,"Can’t talk now, P911!","Can ’ t talk now , P911 !",O O O O O O B-SLANG O
PAP,PAP of your new car!,PAP of your new car !,B-SLANG O O O O O
PAT,We’re on PAT duty tonight.,We ’ re on PAT duty tonight .,O O O O B-SLANG O O O
PAW,"Can’t discuss that right now, PAW.","Can ’ t discuss that right now , PAW .",O O O O O O O O B-SLANG O
PBOOK,I found your number in the PBOOK.,I found your number in the PBOOK .,O O O O O O B-SLANG O
PC,My PC is a wizard in the game.,My PC is a wizard in the game .,O B-SLANG O O O O O O O
PCM,"If you’re free later, PCM.","If you ’ re free later , PCM .",O O O O O O O B-SLANG O
PDA,They were showing too much PDA at the park.,They were showing too much PDA at the park .,O O O O O B-SLANG O O O O
PDH,Got the job! I’m PDH right now!,Got the job ! I ’ m PDH right now !,O O O O O O O B-SLANG O O O
PDS,"I’m unarmed, PDS!","I ’ m unarmed , PDS !",O O O O O B-SLANG O
PDQ,I’ll be there PDQ!,I ’ ll be there PDQ !,O O O O O B-SLANG O
PEEPS,Hanging out with my PEEPS this weekend.,Hanging out with my PEEPS this weekend .,O O O O B-SLANG O O O
PFT,Your new car is PFT!,Your new car is PFT !,O O O O B-SLANG O
PIC,Send me a PIC of your new puppy!,Send me a PIC of your new puppy !,O O O B-SLANG O O O O O
PIP,That joke had me PIP!,That joke had me PIP !,O O O O B-SLANG O
PIR,"PIR, can’t talk about that right now.","PIR , can ’ t talk about that right now .",B-SLANG O O O O O O O O O O
PISS,Can you PISS in my coffee?,Can you PISS in my coffee ?,O O B-SLANG O O O O
PKMN,I caught a rare PKMN today!,I caught a rare PKMN today !,O O O O B-SLANG O O
PL8,I just got a new PL8 for my car.,I just got a new PL8 for my car .,O O O O O B-SLANG O O O O
PLD,That was a well-PLD match!,That was a well - PLD match !,O O O O O B-SLANG O O
PLMK,PLMK if you’re free tomorrow.,PLMK if you ’ re free tomorrow .,B-SLANG O O O O O O O
PLS,"Can you send me the report, PLS?","Can you send me the report , PLS ?",O O O O O O O B-SLANG O
PLU,This event is perfect for PLU!,This event is perfect for PLU !,O O O O O B-SLANG O
PLZ,PLZ send me the details ASAP.,PLZ send me the details ASAP .,B-SLANG O O O O O O
PLZTLME,PLZTLME what happened at the meeting!,PLZTLME what happened at the meeting !,B-SLANG O O O O O O
PM,I’ll PM you the details.,I ’ ll PM you the details .,O O O B-SLANG O O O O
PMFI,"PMFI, but I think we need to revise this.","PMFI , but I think we need to revise this .",B-SLANG O O O O O O O O O O
PMFJI,"PMFJI, but I have a suggestion.","PMFJI , but I have a suggestion .",B-SLANG O O O O O O O
PMSL,That story had me PMSL!,That story had me PMSL !,O O O O B-SLANG O
POAHF,You’re having a tough day? POAHF!,You ’ re having a tough day ? POAHF !,O O O O O O O O B-SLANG O
POIDH,"If there’s no photo, POIDH!","If there ’ s no photo , POIDH !",O O O O O O O B-SLANG O
POS,"POS, talk later.","POS , talk later .",B-SLANG O O O O
POT,I need to use a POT to heal.,I need to use a POT to heal .,O O O O O B-SLANG O O O
POTD,Check out my POTD on Instagram!,Check out my POTD on Instagram !,O O O B-SLANG O O O
POV,"From my POV, this makes the most sense.","From my POV , this makes the most sense .",O O B-SLANG O O O O O O O
PPL,A lot of PPL showed up to the event.,A lot of PPL showed up to the event .,O O O B-SLANG O O O O O O
PPU,The package is PPU.,The package is PPU .,O O O B-SLANG O
PRESH,Your baby is so PRESH!,Your baby is so PRESH !,O O O O B-SLANG O
PROBS,I’ll PROBS be there by 7.,I ’ ll PROBS be there by 7 .,O O O B-SLANG O O O O O
PROLLY,I’ll PROLLY skip the meeting.,I ’ ll PROLLY skip the meeting .,O O O B-SLANG O O O O
PROGGY,I’m running a new PROGGY on my laptop.,I ’ m running a new PROGGY on my laptop .,O O O O O O B-SLANG O O O O
PRON,"Be careful, that site’s full of PRON.","Be careful , that site ’ s full of PRON .",O O O O O O O O O B-SLANG O
PSA,Just a PSA: Don’t forget to hydrate!,Just a PSA : Don ’ t forget to hydrate !,O O B-SLANG O O O O O O O O
PSOS,"Let’s change the topic, PSOS.","Let ’ s change the topic , PSOS .",O O O O O O O B-SLANG O
PSP,I’ve been playing on my PSP all day.,I ’ ve been playing on my PSP all day .,O O O O O O O B-SLANG O O O
PST,"Looking for a group, PST.","Looking for a group , PST .",O O O O O B-SLANG O
PTFO,"I was so exhausted, I just PTFO last night.","I was so exhausted , I just PTFO last night .",O O O O O O O B-SLANG O O O
PTIYPASI,"Well, we won the game, PTIYPASI!","Well , we won the game , PTIYPASI !",O O O O O O O B-SLANG O
PTL,"PTL, we made it home safely!","PTL , we made it home safely !",B-SLANG O O O O O O O
PTMM,"That sounds interesting, PTMM!","That sounds interesting , PTMM !",O O O O B-SLANG O
PTO,I’m using some PTO to take a vacation.,I ’ m using some PTO to take a vacation .,O O O O O B-SLANG O O O O O
PUG,I joined a PUG for the dungeon.,I joined a PUG for the dungeon .,O O O B-SLANG O O O O
PVE,I prefer PVE content over PVP.,I prefer PVE content over PVP .,O O B-SLANG O O O O
PVP,Let’s try some PVP battles tonight!,Let ’ s try some PVP battles tonight !,O O O O O B-SLANG O O O
PWN,I totally PWNed that game last night!,I totally PWNed that game last night !,O O B-SLANG O O O O O
PXT,"I didn’t understand your point, PXT.","I didn ’ t understand your point , PXT .",O O O O O O O O B-SLANG O
PU,What’s that smell? PU!,What ’ s that smell ? PU !,O O O O O O B-SLANG O
PUKS,"I’ll be late, need to PUKS.","I ’ ll be late , need to PUKS .",O O O O O O O O B-SLANG O
PYT,She’s such a PYT!,She ’ s such a PYT !,O O O O O B-SLANG O
PZ,"Got to go, PZ!","Got to go , PZ !",O O O O B-SLANG O
PZA,Let’s order some PZA for dinner.,Let ’ s order some PZA for dinner .,O O O O O B-SLANG O O O
Q,I’ve been waiting in the Q for 30 minutes.,I ’ ve been waiting in the Q for 30 minutes .,O O O O O O O B-SLANG O O O O
Q4U,"Hey, Q4U—what’s the plan for tonight?","Hey , Q4U — what ’ s the plan for tonight ?",O O B-SLANG O O O O O O O O O
QC,We need to run a QC check on the product.,We need to run a QC check on the product .,O O O O O B-SLANG O O O O O
QFE,QFE: What’s everyone’s favorite movie?,QFE : What ’ s everyone ’ s favorite movie ?,B-SLANG O O O O O O O O O O
QFI,"That statement is ridiculous, QFI!","That statement is ridiculous , QFI !",O O O O O B-SLANG O
QFT,"What they said was spot on, QFT.","What they said was spot on , QFT .",O O O O O O O B-SLANG O
QIK,Let’s grab a QIK coffee before the meeting.,Let ’ s grab a QIK coffee before the meeting .,O O O O O B-SLANG O O O O O
QL,"Come on, QL! I’m being serious.","Come on , QL ! I ’ m being serious .",O O O B-SLANG O O O O O O O
QOTD,‘Be yourself; everyone else is already taken’—QOTD.,‘ Be yourself ; everyone else is already taken ’ — QOTD .,O O O O O O O O O O O B-SLANG O
Q_Q,"I lost my keys, Q_Q.","I lost my keys , Q_Q .",O O O O O B-SLANG O
QQ,"Hey, QQ: What time does the event start?","Hey , QQ : What time does the event start ?",O O B-SLANG O O O O O O O O
QSL,"I sent the message, still waiting for a QSL.","I sent the message , still waiting for a QSL .",O O O O O O O O O B-SLANG O
QSO,I had a great QSO with him about technology.,I had a great QSO with him about technology .,O O O O B-SLANG O O O O O
QT,"Look at that dog, such a QT!","Look at that dog , such a QT !",O O O O O O O B-SLANG O
QTPI,My niece is an absolute QTPI!,My niece is an absolute QTPI !,O O O O O B-SLANG O
R,R you coming to the party tonight?,R you coming to the party tonight ?,B-SLANG O O O O O O O
R8,R8 my outfit from 1 to 10!,R8 my outfit from 1 to 10 !,B-SLANG O O O O O O O
RBAY,You’re awesome! RBAY!,You ’ re awesome ! RBAY !,O O O O O B-SLANG O
RFN,We need to leave RFN!,We need to leave RFN !,O O O O B-SLANG O
RGR,"RGR, I’ll meet you there.","RGR , I ’ ll meet you there .",B-SLANG O O O O O O O O
RHIP,I got the best seat—RHIP!,I got the best seat — RHIP !,O O O O O O B-SLANG O
RIP,"RIP, we’ll miss you.","RIP , we ’ ll miss you .",B-SLANG O O O O O O O
RL,"I can’t play tonight, got RL stuff to do.","I can ’ t play tonight , got RL stuff to do .",O O O O O O O O B-SLANG O O O O
RLY,RLY? That’s amazing!,RLY ? That ’ s amazing !,B-SLANG O O O O O O
RME,"He’s late again, RME.","He ’ s late again , RME .",O O O O O O B-SLANG O
RMLB,"RMLB, I’m not going to change my mind.","RMLB , I ’ m not going to change my mind .",B-SLANG O O O O O O O O O O O
RMMM,You need more details? RMMM!,You need more details ? RMMM !,O O O O O B-SLANG O
ROFLCOPTER,"That video was so funny, ROFLCOPTER!","That video was so funny , ROFLCOPTER !",O O O O O O B-SLANG O
ROFLMAO,"I couldn’t stop laughing, ROFLMAO!","I couldn ’ t stop laughing , ROFLMAO !",O O O O O O O B-SLANG O
ROTFL,That meme had me ROTFL!,That meme had me ROTFL !,O O O O B-SLANG O
ROTFLUTS,"The prank was so good, ROTFLUTS!","The prank was so good , ROTFLUTS !",O O O O O O B-SLANG O
RS,I’ve been playing RS all weekend.,I ’ ve been playing RS all weekend .,O O O O O B-SLANG O O O
RSN,I’ll finish the report RSN.,I ’ ll finish the report RSN .,O O O O O O B-SLANG O
RT,"I’ll be there at 5, RT.","I ’ ll be there at 5 , RT .",O O O O O O O O B-SLANG O
RTBS,"After that drama, I’ve got a new RTBS.","After that drama , I ’ ve got a new RTBS .",O O O O O O O O O O B-SLANG O
RTFM,"You’re doing it wrong, RTFM!","You ’ re doing it wrong , RTFM !",O O O O O O O B-SLANG O
RTFQ,"You missed the point, RTFQ!","You missed the point , RTFQ !",O O O O O B-SLANG O
RTHX,RTHX for sharing my post!,RTHX for sharing my post !,B-SLANG O O O O O
RTMS,"Before you ask, RTMS!","Before you ask , RTMS !",O O O O B-SLANG O
RTNTN,We need to focus on customer RTNTN.,We need to focus on customer RTNTN .,O O O O O O B-SLANG O
RTRCTV,The pay raise will be RTRCTV to last month.,The pay raise will be RTRCTV to last month .,O O O O O B-SLANG O O O O
RTRMT,She’s planning for RTRMT in a few years.,She ’ s planning for RTRMT in a few years .,O O O O O B-SLANG O O O O O
RTSM,You’re still confused? RTSM!,You ’ re still confused ? RTSM !,O O O O O O B-SLANG O
RTWFQ,"You missed the point, RTWFQ!","You missed the point , RTWFQ !",O O O O O B-SLANG O
RU,RU coming to the party tonight?,RU coming to the party tonight ?,B-SLANG O O O O O O
RUMOF,"Before we start the game, RUMOF?","Before we start the game , RUMOF ?",O O O O O O B-SLANG O
RUT,"I’ve been texting you, RUT?","I ’ ve been texting you , RUT ?",O O O O O O O B-SLANG O
RUOK,"You seem upset, RUOK?","You seem upset , RUOK ?",O O O O B-SLANG O
RX,"I’ll see you soon, RX.","I ’ ll see you soon , RX .",O O O O O O O B-SLANG O
RW,Got to get back to RW responsibilities.,Got to get back to RW responsibilities .,O O O O O B-SLANG O O
RYB,Feeling down? RYB for inspiration.,Feeling down ? RYB for inspiration .,O O O B-SLANG O O O
RYO,I prefer RYO cigarettes.,I prefer RYO cigarettes .,O O B-SLANG O O
RYS,"The instructions are clear, RYS!","The instructions are clear , RYS !",O O O O O B-SLANG O
S2R,"S2R your address, and I’ll mail it.","S2R your address , and I ’ ll mail it .",B-SLANG O O O O O O O O O O
S2S,"S2S, but the event has been canceled.","S2S , but the event has been canceled .",B-SLANG O O O O O O O O
S4L,"If you sign up for that site, you’ll get S4L.","If you sign up for that site , you ’ ll get S4L .",O O O O O O O O O O O O B-SLANG O
SAL,That story was SAL!,That story was SAL !,O O O B-SLANG O
SAT,"I didn’t mean to be late, SAT!","I didn ’ t mean to be late , SAT !",O O O O O O O O O B-SLANG O
SAVAGE,"His comment was SAVAGE, but true.","His comment was SAVAGE , but true .",O O O B-SLANG O O O O
SB,I’ll SB when I get your message.,I ’ ll SB when I get your message .,O O O B-SLANG O O O O O O
SBIA,That performance had me SBIA!,That performance had me SBIA !,O O O O B-SLANG O
SBT,"I didn’t mean to miss the call, SBT.","I didn ’ t mean to miss the call , SBT .",O O O O O O O O O O B-SLANG O
SC,"It’s getting hot out, SC!","It ’ s getting hot out , SC !",O O O O O O O B-SLANG O
SD,"Goodnight, SD!","Goodnight , SD !",O O B-SLANG O
SDMB,"Tucking you in, SDMB.","Tucking you in , SDMB .",O O O O B-SLANG O
SENPAI,SENPAI noticed me!,SENPAI noticed me !,B-SLANG O O O
SEO,We need to improve our SEO for better website traffic.,We need to improve our SEO for better website traffic .,O O O O O B-SLANG O O O O O
SETE,"When I saw the surprise, I was SETE!","When I saw the surprise , I was SETE !",O O O O O O O O B-SLANG O
SELFIE,Just took a SELFIE at the beach!,Just took a SELFIE at the beach !,O O O B-SLANG O O O O
SFAIK,"SFAIK, the meeting is still on for tomorrow.","SFAIK , the meeting is still on for tomorrow .",B-SLANG O O O O O O O O O
SH,"You’re tired? SH, I’m exhausted too.","You ’ re tired ? SH , I ’ m exhausted too .",O O O O O B-SLANG O O O O O O O
SH^,"That’s so funny, SH^!","That ’ s so funny , SH ^ !",O O O O O O B-SLANG O O
SHID,"I forgot my keys again, SHID!","I forgot my keys again , SHID !",O O O O O O B-SLANG O
SHIP,I totally SHIP those two characters!,I totally SHIP those two characters !,O O B-SLANG O O O O
SICNR,"I had to make the joke, SICNR.","I had to make the joke , SICNR .",O O O O O O O B-SLANG O
SIG2R,"I’m late, SIG2R!","I ’ m late , SIG2R !",O O O O O B-SLANG O
SIHTH,"After that decision, SIHTH.","After that decision , SIHTH .",O O O O B-SLANG O
SIMYC,"SIMYC, I was in a meeting.","SIMYC , I was in a meeting .",B-SLANG O O O O O O O
SIR,"One day, I’ll SIR with this idea!","One day , I ’ ll SIR with this idea !",O O O O O O B-SLANG O O O O
SIT,"It was great catching up, SIT!","It was great catching up , SIT !",O O O O O O B-SLANG O
SITD,I’m SITD about the details of the project.,I ’ m SITD about the details of the project .,O O O B-SLANG O O O O O O O
SJW,"She’s always advocating for causes, total SJW.","She ’ s always advocating for causes , total SJW .",O O O O O O O O O B-SLANG O
SK8NG,I’ve been SK8NG since I was a kid.,I ’ ve been SK8NG since I was a kid .,O O O O B-SLANG O O O O O O
SK8R,He’s a total SK8R with all the tricks.,He ’ s a total SK8R with all the tricks .,O O O O O B-SLANG O O O O O
SK8RBOI,I used to have a crush on a SK8RBOI.,I used to have a crush on a SK8RBOI .,O O O O O O O O B-SLANG O
SLAP,Let’s meet at 7 for dinner? SLAP!,Let ’ s meet at 7 for dinner ? SLAP !,O O O O O O O O O B-SLANG O
SM,I spend way too much time on SM.,I spend way too much time on SM .,O O O O O O O B-SLANG O
SMAZED,The sky was SMAZED after the fireworks.,The sky was SMAZED after the fireworks .,O O O B-SLANG O O O O
SMEXI,"He’s SMEXI, isn’t he?","He ’ s SMEXI , isn ’ t he ?",O O O B-SLANG O O O O O O
SMHID,The logic in that statement has me SMHID.,The logic in that statement has me SMHID .,O O O O O O O B-SLANG O
SNAFU,The meeting turned into a SNAFU.,The meeting turned into a SNAFU .,O O O O O B-SLANG O
SNERT,That SNERT really needs to learn some manners.,That SNERT really needs to learn some manners .,O B-SLANG O O O O O O O
SNR,I’ve got so many SNRs to reply to on Snapchat.,I ’ ve got so many SNRs to reply to on Snapchat .,O O O O O O B-SLANG O O O O O O
SO,I’m going out with my SO tonight.,I ’ m going out with my SO tonight .,O O O O O O O B-SLANG O O
SOAB,That SOAB cut me off in traffic!,That SOAB cut me off in traffic !,O B-SLANG O O O O O O
S’OK,"Don’t worry about being late, S’OK.","Don ’ t worry about being late , S ’ OK .",O O O O O O O O B-SLANG O I-SLANG O
SOL,"SOL, you’ll get used to it.","SOL , you ’ ll get used to it .",B-SLANG O O O O O O O O O
SOMY,"I’ve texted you three times today, SOMY?","I ’ ve texted you three times today , SOMY ?",O O O O O O O O O B-SLANG O
SorG,"Just wondering, SorG?","Just wondering , SorG ?",O O O B-SLANG O
SOS,"SOS, I’m lost in the city!","SOS , I ’ m lost in the city !",B-SLANG O O O O O O O O O
SOT,"Can’t chat long, I’m SOT today.","Can ’ t chat long , I ’ m SOT today .",O O O O O O O O O B-SLANG O O
SOTMG,"SOTMG, I’ll talk to you later.","SOTMG , I ’ ll talk to you later .",B-SLANG O O O O O O O O O
SOWM,"Can’t talk now, SOWM.","Can ’ t talk now , SOWM .",O O O O O O B-SLANG O
SPK,"SPK your mind, I’m listening.","SPK your mind , I ’ m listening .",B-SLANG O O O O O O O O
SRSLY,"SRSLY, I can’t believe he said that.","SRSLY , I can ’ t believe he said that .",B-SLANG O O O O O O O O O O
SPST,Let’s meet SPST next week.,Let ’ s meet SPST next week .,O O O O B-SLANG O O O
SPTO,I SPTO her about the event.,I SPTO her about the event .,O B-SLANG O O O O O
SQ,"He’s so SQ, always following the rules.","He ’ s so SQ , always following the rules .",O O O O B-SLANG O O O O O O
SRY,SRY I missed your call.,SRY I missed your call .,B-SLANG O O O O O
SS,SS for being late!,SS for being late !,B-SLANG O O O O
SSIF,"That movie was SSIF, I couldn’t stop laughing.","That movie was SSIF , I couldn ’ t stop laughing .",O O O B-SLANG O O O O O O O O
SSINF,"His argument was SSINF, I couldn’t even respond.","His argument was SSINF , I couldn ’ t even respond .",O O O B-SLANG O O O O O O O O
ST&D,You better ST&D before you get into trouble!,You better ST & D before you get into trouble !,O O B-SLANG O I-SLANG O O O O O O
STFU,"I couldn’t believe what he was saying, STFU!","I couldn ’ t believe what he was saying , STFU !",O O O O O O O O O O B-SLANG O
STR8,"I’m STR8, not interested.","I ’ m STR8 , not interested .",O O O B-SLANG O O O O
STW,"If you don’t know, just STW.","If you don ’ t know , just STW .",O O O O O O O O B-SLANG O
SU,"SU, I can’t believe you said that!","SU , I can ’ t believe you said that !",B-SLANG O O O O O O O O O O
SUITM,Goodnight! SUITM.,Goodnight ! SUITM .,O O B-SLANG O
SUL,"Heading out now, SUL!","Heading out now , SUL !",O O O O B-SLANG O
SUP,SUP? Haven’t heard from you in a while.,SUP ? Haven ’ t heard from you in a while .,B-SLANG O O O O O O O O O O O
SUTH,"They’re talking again, but I’m SUTH.","They ’ re talking again , but I ’ m SUTH .",O O O O O O O O O O B-SLANG O
SUX,That traffic SUX!,That traffic SUX !,O O B-SLANG O
SUYF,"That’s not true, SUYF!","That ’ s not true , SUYF !",O O O O O O B-SLANG O
SWAG,I got so much SWAG at the conference!,I got so much SWAG at the conference !,O O O O B-SLANG O O O O
SWAK,"I sent you a letter, SWAK.","I sent you a letter , SWAK .",O O O O O O B-SLANG O
SWALK,The letter had SWALK written on the envelope.,The letter had SWALK written on the envelope .,O O O B-SLANG O O O O O
SWAT,"I didn’t have time to check the facts, so I made a SWAT.","I didn ’ t have time to check the facts , so I made a SWAT .",O O O O O O O O O O O O O O O B-SLANG O
SWL,That joke had me SWL!,That joke had me SWL !,O O O O B-SLANG O
SWMBO,SWMBO says I need to mow the lawn.,SWMBO says I need to mow the lawn .,B-SLANG O O O O O O O O
SYL,"Got to run, SYL!","Got to run , SYL !",O O O O B-SLANG O
SYS,"I’ll be over in a bit, SYS!","I ’ ll be over in a bit , SYS !",O O O O O O O O O B-SLANG O
SYY,"You don’t know what you’re talking about, SYY!","You don ’ t know what you ’ re talking about , SYY !",O O O O O O O O O O O O B-SLANG O
T+,"We’ll get through this, just T+!","We ’ ll get through this , just T + !",O O O O O O O O B-SLANG I-SLANG O
T4BU,"You’re the best, T4BU!","You ’ re the best , T4BU !",O O O O O O B-SLANG O
T:)T,Having a rough day? T:)T!,Having a rough day ? T : ) T !,O O O O O B-SLANG O O I-SLANG O
TA,TA for all your help today!,TA for all your help today !,B-SLANG O O O O O O
TAFN,"Got to sign off, TAFN!","Got to sign off , TAFN !",O O O O O B-SLANG O
TAM,Let’s meet TAM for breakfast.,Let ’ s meet TAM for breakfast .,O O O O B-SLANG O O O
TANK,That character is such a TANK!,That character is such a TANK !,O O O O O B-SLANG O
TANKED,I totally TANKED that boss in the game.,I totally TANKED that boss in the game .,O O B-SLANG O O O O O O
TANKING,Our team was TANKING the competition!,Our team was TANKING the competition !,O O O B-SLANG O O O
TARFU,The project is TARFU right now.,The project is TARFU right now .,O O O B-SLANG O O O
TAU,"Just wanted to say hi, TAU.","Just wanted to say hi , TAU .",O O O O O O B-SLANG O
TAUMUALU,"Hope you’re doing well, TAUMUALU.","Hope you ’ re doing well , TAUMUALU .",O O O O O O O B-SLANG O
TBAG,He got TBAGGED after losing in the game.,He got TBAGGED after losing in the game .,O O B-SLANG O O O O O O
TBBH,"TBBH, I didn’t like the movie.","TBBH , I didn ’ t like the movie .",B-SLANG O O O O O O O O O
TBC,"The series finale was such a cliffhanger, TBC.","The series finale was such a cliffhanger , TBC .",O O O O O O O O B-SLANG O
TBD,The meeting time is TBD.,The meeting time is TBD .,O O O O B-SLANG O
TBL,"I’m busy now, TBL when you can.","I ’ m busy now , TBL when you can .",O O O O O O B-SLANG O O O O
TBT,"Here’s a photo from high school, TBT!","Here ’ s a photo from high school , TBT !",O O O O O O O O O B-SLANG O
TC,"Goodbye, TC!","Goodbye , TC !",O O B-SLANG O
TCB,I’ve got to TCB before the deadline.,I ’ ve got to TCB before the deadline .,O O O O O B-SLANG O O O O
TCOY,Stay safe and TCOY.,Stay safe and TCOY .,O O O B-SLANG O
TD,I love playing TD games.,I love playing TD games .,O O O B-SLANG O O
TD2M,He sent me a flirty message saying TD2M.,He sent me a flirty message saying TD2M .,O O O O O O O B-SLANG O
TDTM,She jokingly said TDTM during the chat.,She jokingly said TDTM during the chat .,O O O B-SLANG O O O O
TFF,That video was TFF!,That video was TFF !,O O O B-SLANG O
TFS,"That article was really helpful, TFS!","That article was really helpful , TFS !",O O O O O O B-SLANG O
TFTF,TFTF! Looking forward to your posts.,TFTF ! Looking forward to your posts .,B-SLANG O O O O O O O
TFTI,"TFTI, but I can’t make it to the party.","TFTI , but I can ’ t make it to the party .",B-SLANG O O O O O O O O O O O O
TFTT,"This is a great tip, TFTT!","This is a great tip , TFTT !",O O O O O O B-SLANG O
TG,TG it stopped raining just in time!,TG it stopped raining just in time !,B-SLANG O O O O O O O
TGIF,"Finally, the weekend is here! TGIF!","Finally , the weekend is here ! TGIF !",O O O O O O O B-SLANG O
THNQ,THNQ for helping me with my project!,THNQ for helping me with my project !,B-SLANG O O O O O O O
THNX,THNX for the advice!,THNX for the advice !,B-SLANG O O O O
THOT,Look at that THOT at the party.,Look at that THOT at the party .,O O O B-SLANG O O O O
THT,"Feeling stressed? THT, it’ll get better.","Feeling stressed ? THT , it ’ ll get better .",O O O B-SLANG O O O O O O O
TIA,TIA for any suggestions you can give!,TIA for any suggestions you can give !,B-SLANG O O O O O O O
TIAD,"Don’t stress, TIAD!","Don ’ t stress , TIAD !",O O O O O B-SLANG O
TIC,"My comment was TIC, don’t take it too seriously.","My comment was TIC , don ’ t take it too seriously .",O O O B-SLANG O O O O O O O O O
TIL,TIL that honey never spoils!,TIL that honey never spoils !,B-SLANG O O O O O
TILIS,I appreciate that you always TILIS.,I appreciate that you always TILIS .,O O O O O B-SLANG O
TIR,"Can’t talk about it now, TIR.","Can ’ t talk about it now , TIR .",O O O O O O O O B-SLANG O
TLK2UL8R,"I’ve got to go, TLK2UL8R!","I ’ ve got to go , TLK2UL8R !",O O O O O O O B-SLANG O
TL,"The article was TL, couldn’t finish it.","The article was TL , couldn ’ t finish it .",O O O B-SLANG O O O O O O O
TL;DR,Here’s the summary of the report: TL;DR.,Here ’ s the summary of the report : TL ; DR .,O O O O O O O O O B-SLANG I-SLANG I-SLANG O
TM,"TM, this movie is worth watching!","TM , this movie is worth watching !",B-SLANG O O O O O O O
TMA,"TMA, don’t invest in that stock.","TMA , don ’ t invest in that stock .",B-SLANG O O O O O O O O O
TMB,"Let me know what time works for you, TMB!","Let me know what time works for you , TMB !",O O O O O O O O O B-SLANG O
TMI,"Whoa, that’s TMI about your weekend!","Whoa , that ’ s TMI about your weekend !",O O O O O B-SLANG O O O O
TMOT,"You’ll love that restaurant, TMOT!","You ’ ll love that restaurant , TMOT !",O O O O O O O B-SLANG O
TMTH,This workload is TMTH today.,This workload is TMTH today .,O O O B-SLANG O O
TMYL,"I’m heading out now, TMYL so I can meet you.","I ’ m heading out now , TMYL so I can meet you .",O O O O O O O B-SLANG O O O O O O
TMWFI,"TMWFI, that movie is amazing.","TMWFI , that movie is amazing .",B-SLANG O O O O O O
TNSTAAFL,You think that’s a free offer? TNSTAAFL.,You think that ’ s a free offer ? TNSTAAFL .,O O O O O O O O O B-SLANG O
TNT,"It’s been fun, TNT!","It ’ s been fun , TNT !",O O O O O O B-SLANG O
TOJ,"When I saw the surprise, I had TOJ!","When I saw the surprise , I had TOJ !",O O O O O O O O B-SLANG O
TOS,Make sure you read the TOS before signing up.,Make sure you read the TOS before signing up .,O O O O O B-SLANG O O O O
TOTES,I’m totes excited for the trip!,I ’ m totes excited for the trip !,O O O B-SLANG O O O O O
TOU,"Just wanted to say hi, TOU.","Just wanted to say hi , TOU .",O O O O O O B-SLANG O
TOY,"Hope you’re doing well, TOY!","Hope you ’ re doing well , TOY !",O O O O O O O B-SLANG O
TPM,Let’s meet TPM for coffee.,Let ’ s meet TPM for coffee .,O O O O B-SLANG O O O
TPTB,We’ll have to wait for approval from TPTB.,We ’ ll have to wait for approval from TPTB .,O O O O O O O O O B-SLANG O
TQ,Just wanted to say TQ!,Just wanted to say TQ !,O O O O B-SLANG O
TSH,That movie had me TSH!,That movie had me TSH !,O O O O B-SLANG O
TSNF,You got the last slice? TSNF!,You got the last slice ? TSNF !,O O O O O O B-SLANG O
TSTB,"Let’s finish this project, TSTB!","Let ’ s finish this project , TSTB !",O O O O O O O B-SLANG O
TT,That hashtag is the latest TT on Twitter.,That hashtag is the latest TT on Twitter .,O O O O O B-SLANG O O O
TTLY,I TTLY agree with you on that!,I TTLY agree with you on that !,O B-SLANG O O O O O O
TTTT,"Don’t worry, TTTT—it’ll get better.","Don ’ t worry , TTTT — it ’ ll get better .",O O O O O B-SLANG O O O O O O O
TTUL,"I’ve got to run, TTUL!","I ’ ve got to run , TTUL !",O O O O O O O B-SLANG O
TU,TU for all your help today!,TU for all your help today !,B-SLANG O O O O O O
TUI,"You’ve been caught, I’m TUI!","You ’ ve been caught , I ’ m TUI !",O O O O O O O O O B-SLANG O
TURNT,The party was TURNT last night!,The party was TURNT last night !,O O O B-SLANG O O O
TWSS,"The comment was too funny not to say, TWSS!","The comment was too funny not to say , TWSS !",O O O O O O O O O B-SLANG O
TTG,"It’s getting late, TTG!","It ’ s getting late , TTG !",O O O O O O B-SLANG O
TTYAFN,"I’m going offline, TTYAFN.","I ’ m going offline , TTYAFN .",O O O O O O B-SLANG O
TTYS,"Let’s catch up later, TTYS!","Let ’ s catch up later , TTYS !",O O O O O O O B-SLANG O
TY,TY for the gift!,TY for the gift !,B-SLANG O O O O
TYFC,"TYFC, your donation means a lot!","TYFC , your donation means a lot !",B-SLANG O O O O O O O
TYFYC,"TYFYC, I appreciate your feedback.","TYFYC , I appreciate your feedback .",B-SLANG O O O O O O
TYS,"I said it would rain, TYS!","I said it would rain , TYS !",O O O O O O B-SLANG O
TYT,"No rush, TYT!","No rush , TYT !",O O O B-SLANG O
TYSO,TYSO for all your hard work!,TYSO for all your hard work !,B-SLANG O O O O O O
TYAFY,"You helped, but made it harder, TYAFY!","You helped , but made it harder , TYAFY !",O O O O O O O O B-SLANG O
TYVM,TYVM for the lovely gift!,TYVM for the lovely gift !,B-SLANG O O O O O
TX,TX for the quick reply!,TX for the quick reply !,B-SLANG O O O O O
^URS,You think I’m wrong? ^URS!,You think I ’ m wrong ? ^ URS !,O O O O O O O O B-SLANG O
UCMU,"That joke was hilarious, UCMU!","That joke was hilarious , UCMU !",O O O O O B-SLANG O
UDI,"Woke up with a bruise, total UDI from last night.","Woke up with a bruise , total UDI from last night .",O O O O O O O B-SLANG O O O O
UDM,"You fixed the issue, UDM!","You fixed the issue , UDM !",O O O O O B-SLANG O
UDS,"Things got heated last night, total UDS.","Things got heated last night , total UDS .",O O O O O O O B-SLANG O
UFB,That result was UFB!,That result was UFB !,O O O B-SLANG O
UFN,The meeting is postponed UFN.,The meeting is postponed UFN .,O O O O B-SLANG O
UFWM,You just won the lottery? UFWM?,You just won the lottery ? UFWM ?,O O O O O O B-SLANG O
UGTBK,They canceled the event? UGTBK!,They canceled the event ? UGTBK !,O O O O O B-SLANG O
UHGTBSM,You got that for free? UHGTBSM!,You got that for free ? UHGTBSM !,O O O O O O B-SLANG O
UKTR,Best food in town? UKTR!,Best food in town ? UKTR !,O O O O O B-SLANG O
UL,I’ll UL the files to the server.,I ’ ll UL the files to the server .,O O O B-SLANG O O O O O O
U-L,U-L love this new song!,U - L love this new song !,B-SLANG O I-SLANG O O O O O
UNA,Please UNA in the report.,Please UNA in the report .,O B-SLANG O O O O
UN4TUN8,That accident was really UN4TUN8.,That accident was really UN4TUN8 .,O O O O B-SLANG O
UNBLEFBLE,That game was UNBLEFBLE!,That game was UNBLEFBLE !,O O O B-SLANG O
UNCRTN,The results are still UNCRTN.,The results are still UNCRTN .,O O O O B-SLANG O
UNPC,"That joke was funny, but definitely UNPC.","That joke was funny , but definitely UNPC .",O O O O O O O B-SLANG O
UOK,"You seem upset, UOK?","You seem upset , UOK ?",O O O O B-SLANG O
UR,UR the best!,UR the best !,B-SLANG O O O
UR2YS4ME,"You solved that puzzle so quickly, UR2YS4ME!","You solved that puzzle so quickly , UR2YS4ME !",O O O O O O O B-SLANG O
URA*,"Thanks for helping with the project, URA*!","Thanks for helping with the project , URA * !",O O O O O O O B-SLANG O O
URH,URH in that outfit!,URH in that outfit !,B-SLANG O O O O
URSKTM,"Thanks for the gift, URSKTM!","Thanks for the gift , URSKTM !",O O O O O B-SLANG O
URTM,"You nailed that presentation, URTM!","You nailed that presentation , URTM !",O O O O O B-SLANG O
URW,Thanks for your help! URW!,Thanks for your help ! URW !,O O O O O B-SLANG O
USBCA,I’ll keep this job USBCA.,I ’ ll keep this job USBCA .,O O O O O O B-SLANG O
USU,I USU work from home on Fridays.,I USU work from home on Fridays .,O B-SLANG O O O O O O
UT,I’ve been playing UT all weekend!,I ’ ve been playing UT all weekend !,O O O O O B-SLANG O O O
UT2L,"Hurry up, UT2L!","Hurry up , UT2L !",O O O B-SLANG O
UTM,What’s the best option? UTM.,What ’ s the best option ? UTM .,O O O O O O O B-SLANG O
UV,That outfit was a total UV!,That outfit was a total UV !,O O O O O B-SLANG O
UW,Thanks for helping me! UW!,Thanks for helping me ! UW !,O O O O O B-SLANG O
UX,We need to improve the UX of this website.,We need to improve the UX of this website .,O O O O O B-SLANG O O O O
V,That’s V impressive!,That ’ s V impressive !,O O O B-SLANG O O
VAT,The total cost includes VAT.,The total cost includes VAT .,O O O O B-SLANG O
VBL,You can totally see her VBL in that top.,You can totally see her VBL in that top .,O O O O O B-SLANG O O O O
VBS,I saw the surprise and had a VBS!,I saw the surprise and had a VBS !,O O O O O O O B-SLANG O
VC,Let’s hop on VC to discuss the project.,Let ’ s hop on VC to discuss the project .,O O O O O B-SLANG O O O O O
VEG,He made a VEG when he pulled the prank.,He made a VEG when he pulled the prank .,O O O B-SLANG O O O O O O
VFF,That meme was VFF!,That meme was VFF !,O O O B-SLANG O
VFM,This laptop is great VFM.,This laptop is great VFM .,O O O O B-SLANG O
VGC,This phone is secondhand but in VGC.,This phone is secondhand but in VGC .,O O O O O O B-SLANG O
VGG,"That was a tough match, but VGG!","That was a tough match , but VGG !",O O O O O O O B-SLANG O
VGH,You played a VGH in that round.,You played a VGH in that round .,O O O B-SLANG O O O O
VIP,He’s got VIP access to the event.,He ’ s got VIP access to the event .,O O O O B-SLANG O O O O O
VM,I left you a VM about the meeting.,I left you a VM about the meeting .,O O O O B-SLANG O O O O
VN,That dress looks VN on you!,That dress looks VN on you !,O O O B-SLANG O O O
VNH,You won the game with a VNH.,You won the game with a VNH .,O O O O O O B-SLANG O
VoIP,We use VoIP for all our office calls.,We use VoIP for all our office calls .,O O B-SLANG O O O O O O
VRY,I’m VRY excited for the weekend!,I ’ m VRY excited for the weekend !,O O O B-SLANG O O O O O
VSC,That comment made me VSC.,That comment made me VSC .,O O O O B-SLANG O
VSF,"I missed the event, VSF.","I missed the event , VSF .",O O O O O B-SLANG O
VWD,Your presentation was VWD!,Your presentation was VWD !,O O O B-SLANG O
VWP,"You outsmarted me in that game, VWP!","You outsmarted me in that game , VWP !",O O O O O O O B-SLANG O
W@,W@ did you just say?,W @ did you just say ?,B-SLANG O O O O O O
W/,I’m going to the movies W/ my friends.,I ’ m going to the movies W / my friends .,O O O O O O O B-SLANG O O O O
W/B,"You’ve been gone for a while, W/B!","You ’ ve been gone for a while , W / B !",O O O O O O O O O B-SLANG O I-SLANG O
W3,Check out the latest updates on W3!,Check out the latest updates on W3 !,O O O O O O B-SLANG O
W8,"W8, I need to check something first.","W8 , I need to check something first .",B-SLANG O O O O O O O O
WAH,"I’m WAH today, so I’ll be online later.","I ’ m WAH today , so I ’ ll be online later .",O O O B-SLANG O O O O O O O O O O
WAJ,"He cut me off in traffic, WAJ!","He cut me off in traffic , WAJ !",O O O O O O O B-SLANG O
WAM,"WAM, I need to grab my keys.","WAM , I need to grab my keys .",B-SLANG O O O O O O O O
WAN2,WAN2 grab lunch later?,WAN2 grab lunch later ?,B-SLANG O O O O
WAN2TLK,"Feeling bored, WAN2TLK?","Feeling bored , WAN2TLK ?",O O O B-SLANG O
WAREZ,"Be careful downloading WAREZ, it could be risky.","Be careful downloading WAREZ , it could be risky .",O O O B-SLANG O O O O O O
WAS,"WAS, I need to check my calendar.","WAS , I need to check my calendar .",B-SLANG O O O O O O O O
WAT,WAT are you talking about?,WAT are you talking about ?,B-SLANG O O O O O
WAWA,"We’ve been driving for hours, WAWA?","We ’ ve been driving for hours , WAWA ?",O O O O O O O O B-SLANG O
WAYF,Nice to meet you! WAYF?,Nice to meet you ! WAYF ?,O O O O O B-SLANG O
WBS,"Looking forward to hearing from you, WBS!","Looking forward to hearing from you , WBS !",O O O O O O O B-SLANG O
WBU,"I’m doing well, WBU?","I ’ m doing well , WBU ?",O O O O O O B-SLANG O
WC,"Thanks for the invite, WC!","Thanks for the invite , WC !",O O O O O B-SLANG O
WCA,"It didn’t go as planned, but WCA.","It didn ’ t go as planned , but WCA .",O O O O O O O O O B-SLANG O
W/E,You don’t agree? W/E.,You don ’ t agree ? W / E .,O O O O O O B-SLANG O I-SLANG O
W/END,I’m planning to relax this W/END.,I ’ m planning to relax this W / END .,O O O O O O O B-SLANG O I-SLANG O
WE,"I didn’t like the movie, but WE.","I didn ’ t like the movie , but WE .",O O O O O O O O O B-SLANG O
WEBO,I looked it up on WEBO.,I looked it up on WEBO .,O O O O O B-SLANG O
WEEBO,"He’s such a WEEBO, always watching anime.","He ’ s such a WEEBO , always watching anime .",O O O O O B-SLANG O O O O O
WEP,What’s your favorite WEP in the game?,What ’ s your favorite WEP in the game ?,O O O O O B-SLANG O O O O
WH5,I need the WH5 of the event before I can plan.,I need the WH5 of the event before I can plan .,O O O B-SLANG O O O O O O O O
WHATEVES,"They can do what they want, WHATEVES.","They can do what they want , WHATEVES .",O O O O O O O B-SLANG O
WIBNI,WIBNI we could take a vacation right now?,WIBNI we could take a vacation right now ?,B-SLANG O O O O O O O O
WDALYIC,"You’re acting like the boss, WDALYIC?","You ’ re acting like the boss , WDALYIC ?",O O O O O O O O B-SLANG O
WDYK,"I just found out the news, WDYK?","I just found out the news , WDYK ?",O O O O O O O B-SLANG O
WDYT,"I’m considering getting a new phone, WDYT?","I ’ m considering getting a new phone , WDYT ?",O O O O O O O O O B-SLANG O
WGACA,"I’m not sure about the plan, WGACA?","I ’ m not sure about the plan , WGACA ?",O O O O O O O O O B-SLANG O
WIIFM,"I’ll help, but WIIFM?","I ’ ll help , but WIIFM ?",O O O O O O B-SLANG O
WISP,"After that victory, I can say WISP!","After that victory , I can say WISP !",O O O O O O O B-SLANG O
WITP,"I don’t get it, WITP of this task?","I don ’ t get it , WITP of this task ?",O O O O O O O B-SLANG O O O O
WITW,WITW is happening over there?,WITW is happening over there ?,B-SLANG O O O O O
WIU,"We’re running out of time, WIU!","We ’ re running out of time , WIU !",O O O O O O O O B-SLANG O
WK,I’ve got a busy WK ahead.,I ’ ve got a busy WK ahead .,O O O O O O B-SLANG O O
WKD,Can’t wait for the WKD!,Can ’ t wait for the WKD !,O O O O O O B-SLANG O
WRT,"WRT your last email, I have some questions.","WRT your last email , I have some questions .",B-SLANG O O O O O O O O O
WL,"He didn’t even try, WL!","He didn ’ t even try , WL !",O O O O O O O B-SLANG O
W/O,I can’t finish this W/O more information.,I can ’ t finish this W / O more information .,O O O O O O B-SLANG O I-SLANG O O O
WOA,Her painting is a real WOA.,Her painting is a real WOA .,O O O O O B-SLANG O
WOMBAT,That project was a total WOMBAT.,That project was a total WOMBAT .,O O O O O B-SLANG O
WOW,I’ve been playing WOW all night!,I ’ ve been playing WOW all night !,O O O O O B-SLANG O O O
WRK,"I’m at WRK right now, can’t talk.","I ’ m at WRK right now , can ’ t talk .",O O O O B-SLANG O O O O O O O O
WRU,"We’re all waiting for you, WRU?","We ’ re all waiting for you , WRU ?",O O O O O O O O B-SLANG O
WRU@,"I’m already here, WRU@?","I ’ m already here , WRU @ ?",O O O O O O B-SLANG O O
WRUD,WRUD later tonight?,WRUD later tonight ?,B-SLANG O O O
WTB,"WTB a new gaming console, any recommendations?","WTB a new gaming console , any recommendations ?",B-SLANG O O O O O O O O
WTFE,"You didn’t agree? WTFE, I don’t care.","You didn ’ t agree ? WTFE , I don ’ t care .",O O O O O O B-SLANG O O O O O O O
WTFO,You seriously forgot the meeting? WTFO?,You seriously forgot the meeting ? WTFO ?,O O O O O O B-SLANG O
WTGP,"We can talk more freely, WTGP?","We can talk more freely , WTGP ?",O O O O O O B-SLANG O
WTM,"I got the promotion, WTM?","I got the promotion , WTM ?",O O O O O B-SLANG O
WTS,I WTS my old gaming gear.,I WTS my old gaming gear .,O B-SLANG O O O O O
WTT,"I have an extra keyboard, WTT for your headphones?","I have an extra keyboard , WTT for your headphones ?",O O O O O O B-SLANG O O O O
WU,"Hey, WU?","Hey , WU ?",O O B-SLANG O
WUCIWUG,The software’s WUCIWUG interface makes it easy to use.,The software ’ s WUCIWUG interface makes it easy to use .,O O O O B-SLANG O O O O O O O
WUP,"Long time no chat, WUP?","Long time no chat , WUP ?",O O O O O B-SLANG O
WUT,WUT did you just say?,WUT did you just say ?,B-SLANG O O O O O
WUW,WUW for dinner tonight?,WUW for dinner tonight ?,B-SLANG O O O O
WUU2,"Hey, WUU2 this weekend?","Hey , WUU2 this weekend ?",O O B-SLANG O O O
WUZ,WUZ that a good idea?,WUZ that a good idea ?,B-SLANG O O O O O
WWJD,"In tough situations, ask yourself WWJD.","In tough situations , ask yourself WWJD .",O O O O O O B-SLANG O
WWNC,She finished her project early—WWNC!,She finished her project early — WWNC !,O O O O O O B-SLANG O
WWYC,"I’ll be waiting for your email, WWYC.","I ’ ll be waiting for your email , WWYC .",O O O O O O O O O B-SLANG O
WYCM,"I’ve got some news, WYCM later?","I ’ ve got some news , WYCM later ?",O O O O O O O B-SLANG O O
WYD,WYD this afternoon?,WYD this afternoon ?,B-SLANG O O O
WYGAM,"Could you send me the file, WYGAM?","Could you send me the file , WYGAM ?",O O O O O O O B-SLANG O
WYHAM,"Let’s chat about the project, WYHAM.","Let ’ s chat about the project , WYHAM .",O O O O O O O O B-SLANG O
WYLEI,Opportunities come WYLEI.,Opportunities come WYLEI .,O O B-SLANG O
WYSIWYG,"The job offer is straightforward, WYSIWYG.","The job offer is straightforward , WYSIWYG .",O O O O O O B-SLANG O
X-1-10,That rollercoaster was X-1-10!,That rollercoaster was X - 1 - 10 !,O O O B-SLANG O I-SLANG O I-SLANG O
X,"Love you, X!","Love you , X !",O O O B-SLANG O
X!,She’s X! Always multitasking.,She ’ s X ! Always multitasking .,O O O B-SLANG O O O O
XD,That joke had me XD!,That joke had me XD !,O O O O B-SLANG O
XME,"XME, could you move a little?","XME , could you move a little ?",B-SLANG O O O O O O O
XOXOXO,"Missing you, XOXOXO!","Missing you , XOXOXO !",O O O B-SLANG O
XLNT,The presentation was XLNT!,The presentation was XLNT !,O O O B-SLANG O
XLR8,Let’s XLR8 and finish this project.,Let ’ s XLR8 and finish this project .,O O O B-SLANG O O O O O
XPOST,I’ll XPOST this to another group.,I ’ ll XPOST this to another group .,O O O B-SLANG O O O O O
XYL,Ran into my XYL today.,Ran into my XYL today .,O O O B-SLANG O O
XYZ,"Hey, XYZ!","Hey , XYZ !",O O B-SLANG O
Y?,Y? I don’t understand.,Y ? I don ’ t understand .,B-SLANG O O O O O O O
Y,"That movie was boring, Y.","That movie was boring , Y .",O O O O O B-SLANG O
Y2K,"Thanks for helping me with the project, Y2K!","Thanks for helping me with the project , Y2K !",O O O O O O O O B-SLANG O
YA,What’s YA plan for the weekend?,What ’ s YA plan for the weekend ?,O O O B-SLANG O O O O O
YAA,This list is full of YAA.,This list is full of YAA .,O O O O O B-SLANG O
YABA,"Ugh, YABA in this manual!","Ugh , YABA in this manual !",O O B-SLANG O O O O
YARLY,You won the lottery? YARLY?,You won the lottery ? YARLY ?,O O O O O B-SLANG O
YBIC,"Take care, YBIC.","Take care , YBIC .",O O O B-SLANG O
YBS,"If you skip this, YBS!","If you skip this , YBS !",O O O O O B-SLANG O
YCDBWYCID,"The system crashed, and YCDBWYCID.","The system crashed , and YCDBWYCID .",O O O O O B-SLANG O
YCHT,Those leftovers? YCHT.,Those leftovers ? YCHT .,O O O B-SLANG O
YCLIU,"If you don’t believe me, YCLIU.","If you don ’ t believe me , YCLIU .",O O O O O O O O B-SLANG O
YCMU,"That joke was hilarious, YCMU!","That joke was hilarious , YCMU !",O O O O O B-SLANG O
YCT,I noticed YCT on that post.,I noticed YCT on that post .,O O B-SLANG O O O O
YD,I finished the project YD.,I finished the project YD .,O O O O B-SLANG O
YF,I’ll check with my YF before making plans.,I ’ ll check with my YF before making plans .,O O O O O O B-SLANG O O O O
YG,The YG was polite and well-dressed.,The YG was polite and well - dressed .,O B-SLANG O O O O O O O
YGG,"You’re killing it at work, YGG!","You ’ re killing it at work , YGG !",O O O O O O O O B-SLANG O
YGTBKM,They canceled the event? YGTBKM!,They canceled the event ? YGTBKM !,O O O O O B-SLANG O
YGTR,"This heat is unbearable, YGTR.","This heat is unbearable , YGTR .",O O O O O B-SLANG O
YHBT,"Don’t fall for it, YHBT.","Don ’ t fall for it , YHBT .",O O O O O O O B-SLANG O
YHBW,"If you stay up late, YHBW.","If you stay up late , YHBW .",O O O O O O B-SLANG O
YHL,"Game over, YHL!","Game over , YHL !",O O O B-SLANG O
YIU,"Got it, YIU.","Got it , YIU .",O O O B-SLANG O
YKW,"YKW, I think we should just stay home.","YKW , I think we should just stay home .",B-SLANG O O O O O O O O O
YKWYCD,"If you don’t like it, YKWYCD.","If you don ’ t like it , YKWYCD .",O O O O O O O O B-SLANG O
YL,The YL at the party was very charming.,The YL at the party was very charming .,O B-SLANG O O O O O O O
YMMV,"That diet worked for me, but YMMV.","That diet worked for me , but YMMV .",O O O O O O O B-SLANG O
YOLO,Let’s take the trip—YOLO!,Let ’ s take the trip — YOLO !,O O O O O O O B-SLANG O
YR,What’s YR plan for the weekend?,What ’ s YR plan for the weekend ?,O O O B-SLANG O O O O O
YRYOCC,You think you can pull that off? YRYOCC.,You think you can pull that off ? YRYOCC .,O O O O O O O O B-SLANG O
YSIC,"Praying for you, YSIC.","Praying for you , YSIC .",O O O O B-SLANG O
YSYD,You remember? YSYD.,You remember ? YSYD .,O O O B-SLANG O
YT,Check out this video on YT!,Check out this video on YT !,O O O O O B-SLANG O
YTB,"Thanks for all your help, YTB!","Thanks for all your help , YTB !",O O O O O O B-SLANG O
YTTL,"Hurry up, YTTL!","Hurry up , YTTL !",O O O B-SLANG O
YTG,"You fixed my computer, YTG!","You fixed my computer , YTG !",O O O O O B-SLANG O
YW,Thanks for the ride! YW!,Thanks for the ride ! YW !,O O O O O B-SLANG O
YWHNB,"We’re out of stock, YWHNB!","We ’ re out of stock , YWHNB !",O O O O O O O B-SLANG O
YWHOL,I won the game and was YWHOL!,I won the game and was YWHOL !,O O O O O O B-SLANG O
YWSYLS,"I didn’t win this time, but YWSYLS.","I didn ’ t win this time , but YWSYLS .",O O O O O O O O O B-SLANG O
YYSSW,You’re going to finish on time? YYSSW.,You ’ re going to finish on time ? YYSSW .,O O O O O O O O O B-SLANG O
Z,I scored a Z on that test.,I scored a Z on that test .,O O O B-SLANG O O O O
Z%,This place is a Z% with all the chaos.,This place is a Z % with all the chaos .,O O O O B-SLANG O O O O O O
ZH,"It’s ZH, goodnight!","It ’ s ZH , goodnight !",O O O B-SLANG O O O
ZOMG,"ZOMG, I can’t believe you did that!","ZOMG , I can ’ t believe you did that !",B-SLANG O O O O O O O O O O
ZOT,Our school has a ZOT policy for bullying.,Our school has a ZOT policy for bullying .,O O O O B-SLANG O O O O
ZUP,"Hey, ZUP with you today?","Hey , ZUP with you today ?",O O B-SLANG O O O O
ZZZZ,"I was so tired, I went to bed and was out in seconds, ZZZZ.","I was so tired , I went to bed and was out in seconds , ZZZZ .",O O O O O O O O O O O O O O O B-SLANG O
